com.samsung.shealth.sleep,6100041,2
efficiency,extra_data,original_efficiency,original_bed_time,has_sleep_data,original_wake_up_time,quality,com.samsung.health.sleep.start_time,com.samsung.health.sleep.pkg_name,com.samsung.health.sleep.update_time,com.samsung.health.sleep.create_time,com.samsung.health.sleep.time_offset,com.samsung.health.sleep.datauuid,com.samsung.health.sleep.custom,com.samsung.health.sleep.end_time,com.samsung.health.sleep.comment,com.samsung.health.sleep.deviceuuid
87.0,11bbfb2d-0e30-ada2-f4cc-f9eb3e508f11.extra_data.json,,,0,,,1575360240000,com.sec.android.app.shealth,1575376955993,1575376955993,UTC-0500,11bbfb2d-0e30-ada2-f4cc-f9eb3e508f11,,1575376860000,,hytsFLPcD3,
86.0,03b3cdae-c22a-4289-5a45-3ee3e077712a.extra_data.json,,,0,,,1577532180000,com.sec.android.app.shealth,1577569126194,1577569126194,UTC-0600,03b3cdae-c22a-4289-5a45-3ee3e077712a,,1577568960000,,hytsFLPcD3,
84.0,50df6384-94f8-93fa-e07b-58822c26b0cc.extra_data.json,,,1,,,1572689460000,com.sec.android.app.shealth,1572707026357,1572707026357,UTC-0500,50df6384-94f8-93fa-e07b-58822c26b0cc,,1572706800000,,hytsFLPcD3,
80.0,50f8e4e2-29c3-f609-d97f-9b90b6054013.extra_data.json,,,0,,,1569178680000,com.sec.android.app.shealth,1569185401477,1569185401477,UTC-0400,50f8e4e2-29c3-f609-d97f-9b90b6054013,,1569185160000,,hytsFLPcD3,
0.0,,,,,,50004,1555306800000,com.sec.android.app.shealth,1555345502224,1555345502224,UTC-0400,cb35f1a4-ed7f-4e51-acae-d1f1971adb43,,1555343400000,,eL5K8TBQJK,
88.0,765bb7c7-4569-d780-4402-b230de6d01ce.extra_data.json,,,0,,,1575598080000,com.sec.android.app.shealth,1575608123222,1575608123222,UTC-0500,765bb7c7-4569-d780-4402-b230de6d01ce,,1575599700000,,hytsFLPcD3,
90.0,6eb70412-31dd-ace0-0b91-a90f03d15b47.extra_data.json,,,0,,,1577792340000,com.sec.android.app.shealth,1577823688395,1577823688395,UTC-0600,6eb70412-31dd-ace0-0b91-a90f03d15b47,,1577823540000,,hytsFLPcD3,
90.0,6083101e-5508-3b38-d2e8-09671cfa8bbd.extra_data.json,,,0,,,1564041240000,com.sec.android.app.shealth,1564062719453,1564062719453,UTC-0400,6083101e-5508-3b38-d2e8-09671cfa8bbd,,1564062540000,,hytsFLPcD3,
86.0,a18e967e-b69e-7677-72a1-253b683cec14.extra_data.json,,,0,,,1563879360000,com.sec.android.app.shealth,1563909069992,1563909069992,UTC-0500,a18e967e-b69e-7677-72a1-253b683cec14,,1563908700000,,hytsFLPcD3,
0.0,,,,,,50001,1555743600000,com.sec.android.app.shealth,1555784499791,1555784499791,UTC-0500,91997c5a-11b1-4be5-9e26-dbc51e5bbc5b,,1555784400000,,eL5K8TBQJK,
84.0,6b98a319-49a2-20ea-bb98-f8b0ab450b08.extra_data.json,,,0,,,1571205420000,com.sec.android.app.shealth,1571225821578,1571225821578,UTC-0400,6b98a319-49a2-20ea-bb98-f8b0ab450b08,,1571225220000,,hytsFLPcD3,
82.0,283b5f04-6fab-988a-26f1-789108f1dbef.extra_data.json,,,0,,,1574320680000,com.sec.android.app.shealth,1574339697380,1574339697380,UTC-0500,283b5f04-6fab-988a-26f1-789108f1dbef,,1574339400000,,hytsFLPcD3,
89.0,69ba40dc-aabf-bf1e-0083-ff0d843ecc8b.extra_data.json,,,0,,,1564643940000,com.sec.android.app.shealth,1564675626779,1564675626779,UTC-0400,69ba40dc-aabf-bf1e-0083-ff0d843ecc8b,,1564675440000,,hytsFLPcD3,
0.0,,,,,,50004,1558506000000,com.sec.android.app.shealth,1558540829004,1558540829004,UTC-0500,287427d1-82d5-4604-9dc3-3228ded34aee,,1558526400000,,eL5K8TBQJK,
86.0,38a38b5b-ee8e-995c-094d-d2f08dd8cf92.extra_data.json,,,0,,,1572511320000,com.sec.android.app.shealth,1572533528975,1572533528975,UTC-0500,38a38b5b-ee8e-995c-094d-d2f08dd8cf92,,1572533220000,,hytsFLPcD3,
83.0,000d66f2-1f65-e1f8-6821-56c764313466.extra_data.json,,,0,,,1567995180000,com.sec.android.app.shealth,1568032820758,1568032820758,UTC-0400,000d66f2-1f65-e1f8-6821-56c764313466,,1568032680000,,hytsFLPcD3,
56.0,df5a26eb-cafe-2da4-228d-909e1de2e290.extra_data.json,,,0,,,1563990600000,com.sec.android.app.shealth,1564038426635,1564038426635,UTC-0500,df5a26eb-cafe-2da4-228d-909e1de2e290,,1563992100000,,hytsFLPcD3,
87.0,929f27b8-cd5f-e8f1-c3b6-727f297cfd33.extra_data.json,,,0,,,1577965680000,com.sec.android.app.shealth,1577995609622,1577995609622,UTC-0600,929f27b8-cd5f-e8f1-c3b6-727f297cfd33,,1577995440000,,hytsFLPcD3,
83.0,72316c24-440a-2d4f-d81a-c1fbadbc1166.extra_data.json,,,0,,,1575529920000,com.sec.android.app.shealth,1575549218347,1575549218347,UTC-0500,72316c24-440a-2d4f-d81a-c1fbadbc1166,,1575549000000,,hytsFLPcD3,
85.0,d2cd50d5-583f-a9a0-c928-ee56393a4a2c.extra_data.json,,,0,,,1575101340000,com.sec.android.app.shealth,1575131284972,1575131284972,UTC-0500,d2cd50d5-583f-a9a0-c928-ee56393a4a2c,,1575130560000,,hytsFLPcD3,
0.0,,,,,,0,1547968200000,com.sec.android.app.shealth,1548004673103,1548004673103,UTC-0600,a138f104-024b-410b-8348-6a5989d8abd4,,1547989800000,,eL5K8TBQJK,
0.0,,,,,,50004,1549350600000,com.sec.android.app.shealth,1549386905619,1549386905619,UTC-0600,6ec1c1c5-a4f8-4771-a022-6a28cfa3a2c4,,1549372200000,,eL5K8TBQJK,
89.0,43318dbe-c13f-77cd-0f31-e6999a7f8811.extra_data.json,,,0,,,1563784620000,com.sec.android.app.shealth,1563821041811,1563821041811,UTC-0500,43318dbe-c13f-77cd-0f31-e6999a7f8811,,1563820620000,,hytsFLPcD3,
90.0,b8c18cc5-251f-1b78-f2b6-de025cc568b1.extra_data.json,,,0,,,1564733640000,com.sec.android.app.shealth,1564766445227,1564766445227,UTC-0400,b8c18cc5-251f-1b78-f2b6-de025cc568b1,,1564764900000,,hytsFLPcD3,
84.0,168008e8-21b8-63dd-0e67-a41f19f1d53b.extra_data.json,,,0,,,1577442240000,com.sec.android.app.shealth,1577469854645,1577469854645,UTC-0600,168008e8-21b8-63dd-0e67-a41f19f1d53b,,1577469780000,,hytsFLPcD3,
86.0,74df259b-0b81-10b0-7da9-1a6f9d27ded8.extra_data.json,,,0,,,1567324440000,com.sec.android.app.shealth,1567350623506,1567350623506,UTC-0400,74df259b-0b81-10b0-7da9-1a6f9d27ded8,,1567350540000,,hytsFLPcD3,
89.0,1cb59361-269f-1d59-aa00-90a5e2905ae1.extra_data.json,,,0,,,1572242460000,com.sec.android.app.shealth,1572266374904,1572266374904,UTC-0500,1cb59361-269f-1d59-aa00-90a5e2905ae1,,1572266280000,,hytsFLPcD3,
81.0,07c3c422-4fbc-e4d7-faaf-25118b3b8218.extra_data.json,,,0,,,1578931800000,com.sec.android.app.shealth,1578937255469,1578937255469,UTC-0500,07c3c422-4fbc-e4d7-faaf-25118b3b8218,,1578936960000,,hytsFLPcD3,
75.0,484e5bfe-4c2e-1dc6-b7f2-c815f232362a.extra_data.json,,,0,,,1576154220000,com.sec.android.app.shealth,1576170248378,1576170248378,UTC-0500,484e5bfe-4c2e-1dc6-b7f2-c815f232362a,,1576169340000,,hytsFLPcD3,
86.0,33daa1df-c5b3-39a8-8aa8-146bb26697fc.extra_data.json,,,0,,,1565908200000,com.sec.android.app.shealth,1565917968852,1565917968852,UTC-0400,33daa1df-c5b3-39a8-8aa8-146bb26697fc,,1565917740000,,hytsFLPcD3,
84.0,689288ee-ba0c-e22d-78b8-14e5a22c063b.extra_data.json,,,0,,,1572183000000,com.sec.android.app.shealth,1572190737862,1572190737862,UTC-0500,689288ee-ba0c-e22d-78b8-14e5a22c063b,,1572189960000,,hytsFLPcD3,
88.0,c5d24546-0529-9258-3c95-3b91915c4652.extra_data.json,,,0,,,1578909900000,com.sec.android.app.shealth,1578925514455,1578925514455,UTC-0500,c5d24546-0529-9258-3c95-3b91915c4652,,1578925320000,,hytsFLPcD3,
85.0,32d975f9-ee3a-c7f9-0438-6a1e0d72d3df.extra_data.json,,,0,,,1571291400000,com.sec.android.app.shealth,1571311143523,1571311143523,UTC-0400,32d975f9-ee3a-c7f9-0438-6a1e0d72d3df,,1571310060000,,hytsFLPcD3,
75.0,ab8b3250-3f23-4f32-4e6c-2ae8bbe1b6cf.extra_data.json,,,0,,,1576505880000,com.sec.android.app.shealth,1576511965306,1576511965306,UTC-0500,ab8b3250-3f23-4f32-4e6c-2ae8bbe1b6cf,,1576510980000,,hytsFLPcD3,
88.0,f98fa699-bd37-d326-13f1-e006a98c9592.extra_data.json,,,0,,,1570000560000,com.sec.android.app.shealth,1570016947713,1570016947713,UTC-0400,f98fa699-bd37-d326-13f1-e006a98c9592,,1570016820000,,hytsFLPcD3,
88.0,c56235c2-cf28-9ef6-1de8-664185b30073.extra_data.json,,,0,,,1570940700000,com.sec.android.app.shealth,1570976497764,1570976497764,UTC-0400,c56235c2-cf28-9ef6-1de8-664185b30073,,1570975440000,,hytsFLPcD3,
89.0,d777a8e2-c253-79d8-05b7-1728e20e7333.extra_data.json,,,0,,,1568581620000,com.sec.android.app.shealth,1568592129518,1568592129518,UTC-0500,d777a8e2-c253-79d8-05b7-1728e20e7333,,1568591640000,,hytsFLPcD3,
85.0,f91737df-99cf-d92a-d733-81a891a17524.extra_data.json,,,0,,,1577270100000,com.sec.android.app.shealth,1577301245051,1577301245051,UTC-0600,f91737df-99cf-d92a-d733-81a891a17524,,1577301180000,,hytsFLPcD3,
83.0,92680596-e3fa-992a-ae88-f090ee7f0238.extra_data.json,,,0,,,1573111680000,com.sec.android.app.shealth,1573130441981,1573130441981,UTC-0500,92680596-e3fa-992a-ae88-f090ee7f0238,,1573130340000,,hytsFLPcD3,
85.0,19e91124-388a-459b-56a3-f8f06bafc4c4.extra_data.json,,,0,,,1576135620000,com.sec.android.app.shealth,1576154169378,1576154169378,UTC-0500,19e91124-388a-459b-56a3-f8f06bafc4c4,,1576154100000,,hytsFLPcD3,
89.0,b40794d6-cf1f-a216-7967-fcbb4c22f2d5.extra_data.json,,,0,,,1566975420000,com.sec.android.app.shealth,1566995862414,1566995862414,UTC-0400,b40794d6-cf1f-a216-7967-fcbb4c22f2d5,,1566995400000,,hytsFLPcD3,
84.0,802729ae-2437-c971-c32a-b18c0e0ce359.extra_data.json,,,0,,,1565983740000,com.sec.android.app.shealth,1565990095368,1565990095368,UTC-0400,802729ae-2437-c971-c32a-b18c0e0ce359,,1565989680000,,hytsFLPcD3,
86.0,0091ec84-bb43-c52b-55f4-9c1ce433e6f4.extra_data.json,,,0,,,1563966420000,com.sec.android.app.shealth,1563982295451,1563982295451,UTC-0500,0091ec84-bb43-c52b-55f4-9c1ce433e6f4,,1563982020000,,hytsFLPcD3,
81.0,6d771937-c4f3-671c-b959-fff482c687fa.extra_data.json,,,0,,,1571038860000,com.sec.android.app.shealth,1571052165653,1571052165653,UTC-0400,6d771937-c4f3-671c-b959-fff482c687fa,,1571051400000,,hytsFLPcD3,
91.0,05fe1371-0d28-3b30-bfd5-bf9f44d07095.extra_data.json,,,0,,,1569825900000,com.sec.android.app.shealth,1569842969644,1569842969644,UTC-0400,05fe1371-0d28-3b30-bfd5-bf9f44d07095,,1569842820000,,hytsFLPcD3,
87.0,839702eb-a4ce-5859-0131-fe8879f63e41.extra_data.json,,,0,,,1572631080000,com.sec.android.app.shealth,1572641079042,1572641079042,UTC-0500,839702eb-a4ce-5859-0131-fe8879f63e41,,1572640080000,,hytsFLPcD3,
89.0,f5306b24-7cb1-665e-0f30-dcbace4afcaa.extra_data.json,,,0,,,1564471020000,com.sec.android.app.shealth,1564503718429,1564503718429,UTC-0400,f5306b24-7cb1-665e-0f30-dcbace4afcaa,,1564503540000,,hytsFLPcD3,
90.0,76bfacda-cb7b-bd1c-05df-e8881ec8cf30.extra_data.json,,,0,,,1567662960000,com.sec.android.app.shealth,1567681687827,1567681687827,UTC-0400,76bfacda-cb7b-bd1c-05df-e8881ec8cf30,,1567681560000,,hytsFLPcD3,
86.0,fa1ff78b-cc4e-ddb3-c5d8-b1d9c47037bf.extra_data.json,,,0,,,1576483620000,com.sec.android.app.shealth,1576493363400,1576493363400,UTC-0500,fa1ff78b-cc4e-ddb3-c5d8-b1d9c47037bf,,1576493100000,,hytsFLPcD3,
85.0,3f5646e9-38c1-ec67-f060-ae80b76a7268.extra_data.json,,,0,,,1573806960000,com.sec.android.app.shealth,1573834386396,1573834386396,UTC-0500,3f5646e9-38c1-ec67-f060-ae80b76a7268,,1573833840000,,hytsFLPcD3,
54.0,7df2c2d3-6f2a-fc2c-ce24-197f0ed4d2cb.extra_data.json,,,0,,,1568483340000,com.sec.android.app.shealth,1568488622859,1568488622859,UTC-0400,7df2c2d3-6f2a-fc2c-ce24-197f0ed4d2cb,,1568487540000,,hytsFLPcD3,
93.0,d94f2aef-d78e-824e-5025-5f44d0c3b8ec.extra_data.json,,,0,,,1577599740000,com.sec.android.app.shealth,1577618972524,1577618972524,UTC-0600,d94f2aef-d78e-824e-5025-5f44d0c3b8ec,,1577618700000,,hytsFLPcD3,
82.0,2b0cbe5b-9d55-08a0-4455-6f5176249b80.extra_data.json,,,0,,,1565589480000,com.sec.android.app.shealth,1565608167533,1565608167533,UTC-0400,2b0cbe5b-9d55-08a0-4455-6f5176249b80,,1565607720000,,hytsFLPcD3,
89.0,2a874ee0-a1a9-3621-d777-1d6ddddf2bdf.extra_data.json,,,0,,,1566373440000,com.sec.android.app.shealth,1566389881017,1566389881017,UTC-0400,2a874ee0-a1a9-3621-d777-1d6ddddf2bdf,,1566389520000,,hytsFLPcD3,
87.0,203d32b0-f9c8-03ee-1395-482e593c5cb3.extra_data.json,,,0,,,1570860240000,com.sec.android.app.shealth,1570889626622,1570889626622,UTC-0400,203d32b0-f9c8-03ee-1395-482e593c5cb3,,1570888620000,,hytsFLPcD3,
0.0,,,,,,0,1555131600000,com.sec.android.app.shealth,1555178643842,1555178643842,UTC-0500,f9503acf-3517-40ab-ac40-a73453b4dcf8,,1555178400000,,eL5K8TBQJK,
91.0,04732f9f-0ef9-ffe8-cca5-f7f820d05e0e.extra_data.json,,,0,,,1567059900000,com.sec.android.app.shealth,1567077974985,1567077974985,UTC-0400,04732f9f-0ef9-ffe8-cca5-f7f820d05e0e,,1567077840000,,hytsFLPcD3,
86.0,4197d328-e6a4-3142-04cc-c45b703523ad.extra_data.json,,,0,,,1565854920000,com.sec.android.app.shealth,1565867615578,1565867615578,UTC-0400,4197d328-e6a4-3142-04cc-c45b703523ad,,1565867280000,,hytsFLPcD3,
91.0,39164eb4-ab50-9e28-19a3-81a33e67653a.extra_data.json,,,0,,,1578998520000,com.sec.android.app.shealth,1579011590855,1579011590855,UTC-0500,39164eb4-ab50-9e28-19a3-81a33e67653a,,1579011300000,,hytsFLPcD3,
88.0,3a621659-10c3-8dd4-0d81-7f52c05921a4.extra_data.json,,,0,,,1564215720000,com.sec.android.app.shealth,1564230996298,1564230996298,UTC-0400,3a621659-10c3-8dd4-0d81-7f52c05921a4,,1564230780000,,hytsFLPcD3,
88.0,635a6fdc-eaf0-fe01-33ad-5a01efa7476c.extra_data.json,,,0,,,1565162820000,com.sec.android.app.shealth,1565190423798,1565190423798,UTC-0400,635a6fdc-eaf0-fe01-33ad-5a01efa7476c,,1565190360000,,hytsFLPcD3,
0.0,,,,,,50004,1554789600000,com.sec.android.app.shealth,1554822171989,1554822171989,UTC-0400,79bf4b4e-26b9-4421-8fb7-cdfb6fbaab28,,1554820800000,,eL5K8TBQJK,
84.0,44dde66a-5f51-8f5c-66b5-717d3175d5d9.extra_data.json,,,0,,,1573633080000,com.sec.android.app.shealth,1573656164927,1573656164927,UTC-0500,44dde66a-5f51-8f5c-66b5-717d3175d5d9,,1573655100000,,hytsFLPcD3,
86.0,8ce12f24-d144-f29f-15e9-fb33f1f9c6b5.extra_data.json,,,0,,,1573286160000,com.sec.android.app.shealth,1573314518363,1573314518363,UTC-0500,8ce12f24-d144-f29f-15e9-fb33f1f9c6b5,,1573313400000,,hytsFLPcD3,
90.0,584b11d9-bf06-05a1-e7bc-0ea92667efaa.extra_data.json,,,0,,,1572417360000,com.sec.android.app.shealth,1572436397414,1572436397414,UTC-0500,584b11d9-bf06-05a1-e7bc-0ea92667efaa,,1572436080000,,hytsFLPcD3,
88.0,8ba32895-147a-766a-fc2b-cf0ddfe7c63b.extra_data.json,,,0,,,1578556500000,com.sec.android.app.shealth,1578586736608,1578586736608,UTC-0600,8ba32895-147a-766a-fc2b-cf0ddfe7c63b,,1578586620000,,hytsFLPcD3,
80.0,40ff2de8-ad69-48be-1853-19cf4645d63c.extra_data.json,,,0,,,1570785360000,com.sec.android.app.shealth,1570801009039,1570801009039,UTC-0400,40ff2de8-ad69-48be-1853-19cf4645d63c,,1570800780000,,hytsFLPcD3,
74.0,77953fd1-86e5-6ad7-14be-3a98456af308.extra_data.json,,,0,,,1575424020000,com.sec.android.app.shealth,1575433111432,1575433111432,UTC-0500,77953fd1-86e5-6ad7-14be-3a98456af308,,1575432120000,,hytsFLPcD3,
82.0,1f99ce48-d1d6-f495-be32-3262a2970dd4.extra_data.json,,,0,,,1570709880000,com.sec.android.app.shealth,1570718645005,1570718645005,UTC-0400,1f99ce48-d1d6-f495-be32-3262a2970dd4,,1570717920000,,hytsFLPcD3,
85.0,133648c4-3e0f-53d9-068e-39edc6bd8d7e.extra_data.json,,,0,,,1570257060000,com.sec.android.app.shealth,1570277636507,1570277636507,UTC-0400,133648c4-3e0f-53d9-068e-39edc6bd8d7e,,1570276800000,,hytsFLPcD3,
86.0,1a7b1e1d-0e68-d501-1cdd-fac8c403fe00.extra_data.json,,,0,,,1574923380000,com.sec.android.app.shealth,1574945219574,1574945219574,UTC-0500,1a7b1e1d-0e68-d501-1cdd-fac8c403fe00,,1574944980000,,hytsFLPcD3,
82.0,94f7d74e-25bf-edc9-81e8-45ea1ec961c9.extra_data.json,,,0,,,1570735980000,com.sec.android.app.shealth,1570741356370,1570741356370,UTC-0400,94f7d74e-25bf-edc9-81e8-45ea1ec961c9,,1570741140000,,hytsFLPcD3,
82.0,daad9bfd-1933-8cdd-5159-e32110b74bf1.extra_data.json,,,0,,,1577413440000,com.sec.android.app.shealth,1577421734119,1577421734119,UTC-0600,daad9bfd-1933-8cdd-5159-e32110b74bf1,,1577421660000,,hytsFLPcD3,
82.0,ab25dc71-62fd-368e-7817-82d67c5e52ec.extra_data.json,,,0,,,1572438240000,com.sec.android.app.shealth,1572446708567,1572446708567,UTC-0500,ab25dc71-62fd-368e-7817-82d67c5e52ec,,1572446580000,,hytsFLPcD3,
0.0,,,,,,50003,1552291200000,com.sec.android.app.shealth,1552326884337,1552326884337,UTC-0600,62e2ae4b-c403-476d-8645-469d036be4df,,1552309800000,,eL5K8TBQJK,
92.0,8ceb7f1a-3be9-1c4c-b613-c9d0c11ed886.extra_data.json,,,0,,,1565072940000,com.sec.android.app.shealth,1565095014966,1565095014966,UTC-0400,8ceb7f1a-3be9-1c4c-b613-c9d0c11ed886,,1565094840000,,hytsFLPcD3,
90.0,a858c0d2-936f-d3db-ed0b-9aa45ae1290b.extra_data.json,,,0,,,1565508060000,com.sec.android.app.shealth,1565532621773,1565532621773,UTC-0400,a858c0d2-936f-d3db-ed0b-9aa45ae1290b,,1565532360000,,hytsFLPcD3,
85.0,c668567d-257f-b550-debe-de6efc16ab93.extra_data.json,,,0,,,1574565720000,com.sec.android.app.shealth,1574582938389,1574582938389,UTC-0500,c668567d-257f-b550-debe-de6efc16ab93,,1574582700000,,hytsFLPcD3,
79.0,44a47335-173c-abc1-a1bf-7c62f7880afa.extra_data.json,,,0,,,1578970080000,com.sec.android.app.shealth,1578986667823,1578986667823,UTC-0500,44a47335-173c-abc1-a1bf-7c62f7880afa,,1578985620000,,hytsFLPcD3,
85.0,d972573b-001f-2ecd-3ca0-ac3a249253cf.extra_data.json,,,0,,,1577011260000,com.sec.android.app.shealth,1577034268576,1577034268576,UTC-0600,d972573b-001f-2ecd-3ca0-ac3a249253cf,,1577034060000,,hytsFLPcD3,
90.0,2d043863-3add-55b3-fb0e-009ca4e76c1c.extra_data.json,,,0,,,1566316500000,com.sec.android.app.shealth,1566333671897,1566333671897,UTC-0400,2d043863-3add-55b3-fb0e-009ca4e76c1c,,1566333420000,,hytsFLPcD3,
80.0,af3fa58c-5e53-1004-a186-95dec4bf5cf4.extra_data.json,,,0,,,1575702720000,com.sec.android.app.shealth,1575731804467,1575731804467,UTC-0500,af3fa58c-5e53-1004-a186-95dec4bf5cf4,,1575731520000,,hytsFLPcD3,
80.0,6734983f-8411-6a77-7682-c392559e98a7.extra_data.json,,,0,,,1574588100000,com.sec.android.app.shealth,1574610261890,1574610261890,UTC-0500,6734983f-8411-6a77-7682-c392559e98a7,,1574609160000,,hytsFLPcD3,
73.0,869fefa5-5ca9-50b0-16b1-6d06f0df61a1.extra_data.json,,,0,,,1572216000000,com.sec.android.app.shealth,1572223111340,1572223111340,UTC-0500,869fefa5-5ca9-50b0-16b1-6d06f0df61a1,,1572222840000,,hytsFLPcD3,
90.0,e3253c90-1e25-5d1b-0867-df1549821284.extra_data.json,,,0,,,1565756640000,com.sec.android.app.shealth,1565783498260,1565783498260,UTC-0400,e3253c90-1e25-5d1b-0867-df1549821284,,1565783280000,,hytsFLPcD3,
68.0,553f7170-c11d-baff-1a17-1b59634699c9.extra_data.json,,,0,,,1574162520000,com.sec.android.app.shealth,1574166781922,1574166781922,UTC-0500,553f7170-c11d-baff-1a17-1b59634699c9,,1574166720000,,hytsFLPcD3,
88.0,1055801f-3c23-247b-2324-aa5d780f9327.extra_data.json,,,0,,,1578395040000,com.sec.android.app.shealth,1578411319458,1578411319458,UTC-0600,1055801f-3c23-247b-2324-aa5d780f9327,,1578411240000,,hytsFLPcD3,
0.0,,,,,,50004,1549699200000,com.sec.android.app.shealth,1549731986392,1549731986392,UTC-0600,dd4a1f38-c4b1-4f91-b69f-e91424e44d32,,1549730400000,,eL5K8TBQJK,
81.0,2ebb744f-5129-6c5b-2ffd-7337e38f16c5.extra_data.json,,,0,,,1569400620000,com.sec.android.app.shealth,1569411739464,1569411739464,UTC-0400,2ebb744f-5129-6c5b-2ffd-7337e38f16c5,,1569411600000,,hytsFLPcD3,
90.0,1471e599-27b7-75ca-cefd-f0afa5f6cbfb.extra_data.json,,,0,,,1566117960000,com.sec.android.app.shealth,1566140908649,1566140908649,UTC-0400,1471e599-27b7-75ca-cefd-f0afa5f6cbfb,,1566140760000,,hytsFLPcD3,
82.0,dd8d1f7c-6352-da2a-2e65-531d300709aa.extra_data.json,,,0,,,1577066640000,com.sec.android.app.shealth,1577079962490,1577079962490,UTC-0600,dd8d1f7c-6352-da2a-2e65-531d300709aa,,1577079660000,,hytsFLPcD3,
92.0,bfff1425-72d2-070f-8102-228041c121b1.extra_data.json,,,0,,,1568508900000,com.sec.android.app.shealth,1568523262587,1568523262587,UTC-0500,bfff1425-72d2-070f-8102-228041c121b1,,1568522160000,,hytsFLPcD3,
85.0,bed85828-8106-6172-27cf-76d406acf66b.extra_data.json,,,0,,,1576924560000,com.sec.android.app.shealth,1576944958713,1576944958713,UTC-0600,bed85828-8106-6172-27cf-76d406acf66b,,1576944540000,,hytsFLPcD3,
82.0,dde42a7a-c7ba-bc36-2442-49db8838042b.extra_data.json,,,0,,,1570112340000,com.sec.android.app.shealth,1570120985752,1570120985752,UTC-0400,dde42a7a-c7ba-bc36-2442-49db8838042b,,1570120740000,,hytsFLPcD3,
85.0,06ac3e21-939e-9b16-857a-9430d60e2f23.extra_data.json,,,0,,,1572068280000,com.sec.android.app.shealth,1572095957962,1572095957962,UTC-0400,06ac3e21-939e-9b16-857a-9430d60e2f23,,1572095700000,,hytsFLPcD3,
85.0,73a383ff-7149-0e00-a8af-538e1f2962b7.extra_data.json,,,0,,,1570801020000,com.sec.android.app.shealth,1570805884966,1570805884966,UTC-0400,73a383ff-7149-0e00-a8af-538e1f2962b7,,1570804740000,,hytsFLPcD3,
92.0,7834f4b8-5106-b903-e60a-53e39e1148b4.extra_data.json,,,0,,,1579505760000,com.sec.android.app.shealth,1579523717580,1579523717580,UTC-0500,7834f4b8-5106-b903-e60a-53e39e1148b4,,1579522260000,,hytsFLPcD3,
81.0,d20e4307-74bc-8f1c-127c-08d6fe634ae6.extra_data.json,,,0,,,1573615140000,com.sec.android.app.shealth,1573621967816,1573621967816,UTC-0500,d20e4307-74bc-8f1c-127c-08d6fe634ae6,,1573621200000,,hytsFLPcD3,
87.0,850c6dd7-a376-65f9-014e-3a1f9ccfe72a.extra_data.json,,,0,,,1576835580000,com.sec.android.app.shealth,1576877304667,1576877304667,UTC-0600,850c6dd7-a376-65f9-014e-3a1f9ccfe72a,,1576876200000,,hytsFLPcD3,
89.0,f5f80576-0531-326d-ec51-2cb69685e34e.extra_data.json,,,0,,,1580109240000,com.sec.android.app.shealth,1580127598648,1580127598648,UTC-0500,f5f80576-0531-326d-ec51-2cb69685e34e,,1580127360000,,hytsFLPcD3,
82.0,d7366ba8-0a40-a358-e1b7-5d77aa5feedf.extra_data.json,,,0,,,1579016940000,com.sec.android.app.shealth,1579023784649,1579023784649,UTC-0500,d7366ba8-0a40-a358-e1b7-5d77aa5feedf,,1579023420000,,hytsFLPcD3,
0.0,,,,,,50005,1549013400000,com.sec.android.app.shealth,1549041023688,1549041023688,UTC-0600,b24024ea-59bf-4f5b-9468-0d573621df8a,,1549040400000,,eL5K8TBQJK,
84.0,b26bb371-744b-a386-cd18-db8cce4cab86.extra_data.json,,,0,,,1571722560000,com.sec.android.app.shealth,1571744218698,1571744218698,UTC-0400,b26bb371-744b-a386-cd18-db8cce4cab86,,1571743860000,,hytsFLPcD3,
90.0,33dcaf8b-3853-2385-25d1-06741b21e230.extra_data.json,,,0,,,1579423320000,com.sec.android.app.shealth,1579455031389,1579455031389,UTC-0500,33dcaf8b-3853-2385-25d1-06741b21e230,,1579454340000,,hytsFLPcD3,
85.0,5032b816-27ce-e715-5326-c0ee25684207.extra_data.json,,,0,,,1580663460000,com.sec.android.app.shealth,1580669510485,1580669510485,UTC-0600,5032b816-27ce-e715-5326-c0ee25684207,,1580669160000,,hytsFLPcD3,
88.0,e282b1e5-9a55-5657-bc85-fe87237c0dd8.extra_data.json,,,0,,,1566883140000,com.sec.android.app.shealth,1566904149595,1566904149595,UTC-0400,e282b1e5-9a55-5657-bc85-fe87237c0dd8,,1566904080000,,hytsFLPcD3,
86.0,0ec8aad8-4295-fdf6-fb71-a58fe31a1dd1.extra_data.json,,,0,,,1577877180000,com.sec.android.app.shealth,1577914410402,1577914410402,UTC-0600,0ec8aad8-4295-fdf6-fb71-a58fe31a1dd1,,1577914140000,,hytsFLPcD3,
87.0,578ac000-b46c-eab6-684e-95a92a7ec700.extra_data.json,,,0,,,1580028300000,com.sec.android.app.shealth,1580056005181,1580056005181,UTC-0500,578ac000-b46c-eab6-684e-95a92a7ec700,,1580055540000,,hytsFLPcD3,
92.0,ad9ddd0e-10d3-ea8c-8cfb-c2d2776d9b69.extra_data.json,,,0,,,1581152340000,com.sec.android.app.shealth,1581180643731,1581180643731,UTC-0500,ad9ddd0e-10d3-ea8c-8cfb-c2d2776d9b69,,1581180360000,,hytsFLPcD3,
88.0,e7478591-2ce5-cb64-34c7-777641bf9334.extra_data.json,,,0,,,1569746580000,com.sec.android.app.shealth,1569763435357,1569763435357,UTC-0400,e7478591-2ce5-cb64-34c7-777641bf9334,,1569762300000,,hytsFLPcD3,
0.0,,,,,,0,1555054800000,com.sec.android.app.shealth,1555085217108,1555085217108,UTC-0500,9a4d1ed0-b1c0-49d8-a992-ac5ff03d4426,,1555072800000,,eL5K8TBQJK,
92.0,c543512f-f23f-bd17-08e8-1f132eba3c5b.extra_data.json,,,0,,,1580636700000,com.sec.android.app.shealth,1580663254929,1580663254929,UTC-0600,c543512f-f23f-bd17-08e8-1f132eba3c5b,,1580662920000,,hytsFLPcD3,
90.0,15025787-4907-816f-b34e-eb44386bbb4f.extra_data.json,,,0,,,1568535780000,com.sec.android.app.shealth,1568554417727,1568554417727,UTC-0500,15025787-4907-816f-b34e-eb44386bbb4f,,1568554260000,,hytsFLPcD3,
86.0,8be5eebb-b27b-0a7e-5f5e-41891b1e9d72.extra_data.json,,,0,,,1581660480000,com.sec.android.app.shealth,1581683109429,1581683109429,UTC-0500,8be5eebb-b27b-0a7e-5f5e-41891b1e9d72,,1581682860000,,hytsFLPcD3,
68.0,7658446b-d64a-fa4f-c393-a0a381481d9d.extra_data.json,,,0,,,1568307060000,com.sec.android.app.shealth,1568315763345,1568315763345,UTC-0400,7658446b-d64a-fa4f-c393-a0a381481d9d,,1568315520000,,hytsFLPcD3,
69.0,ca8584ff-7a14-b945-5159-e6b8ee26627c.extra_data.json,,,0,,,1581140760000,com.sec.android.app.shealth,1581146188066,1581146188066,UTC-0500,ca8584ff-7a14-b945-5159-e6b8ee26627c,,1581145020000,,hytsFLPcD3,
0.0,,,,,,0,1555236000000,com.sec.android.app.shealth,1555257661087,1555257661087,UTC-0500,cab24e1d-b46c-4952-a27e-7d4987703ee5,,1555256400000,,eL5K8TBQJK,
88.0,bcb3c86f-d527-d479-f6ba-b2f05963491f.extra_data.json,,,0,,,1582178280000,com.sec.android.app.shealth,1582201201355,1582201201355,UTC-0500,bcb3c86f-d527-d479-f6ba-b2f05963491f,,1582200960000,,hytsFLPcD3,
87.0,b5ffa9a1-07f0-9763-14ea-b567dbfd6e92.extra_data.json,,,0,,,1582872480000,com.sec.android.app.shealth,1582893447876,1582893447876,UTC-0500,b5ffa9a1-07f0-9763-14ea-b567dbfd6e92,,1582893300000,,hytsFLPcD3,
90.0,00227006-0c30-5fea-1920-ecdb6f037675.extra_data.json,,,1,,,1581580560000,com.sec.android.app.shealth,1581596666225,1581596666225,UTC-0500,00227006-0c30-5fea-1920-ecdb6f037675,,1581596160000,,hytsFLPcD3,
85.0,b3e4c757-5c94-9d3a-5493-9f9a86facdfa.extra_data.json,,,0,,,1573364100000,com.sec.android.app.shealth,1573400660493,1573400660493,UTC-0500,b3e4c757-5c94-9d3a-5493-9f9a86facdfa,,1573400280000,,hytsFLPcD3,
92.0,62095876-4def-24f5-0cfd-f967de8c02ed.extra_data.json,,,0,,,1583304600000,com.sec.android.app.shealth,1583323937624,1583323937624,UTC-0500,62095876-4def-24f5-0cfd-f967de8c02ed,,1583323800000,,hytsFLPcD3,
93.0,c0fa40d3-c792-00b7-8c71-f05674987fa1.extra_data.json,,,0,,,1583626740000,com.sec.android.app.shealth,1583634607227,1583634607227,UTC-0500,c0fa40d3-c792-00b7-8c71-f05674987fa1,,1583633640000,,hytsFLPcD3,
93.0,a2f38181-20c6-db70-3eea-b615b45d2032.extra_data.json,,,0,,,1582104360000,com.sec.android.app.shealth,1582116603373,1582116603373,UTC-0500,a2f38181-20c6-db70-3eea-b615b45d2032,,1582116300000,,hytsFLPcD3,
87.0,6fc5c2bf-32d8-9563-44a5-ab6b9a1ac798.extra_data.json,,,0,,,1576977480000,com.sec.android.app.shealth,1576984921258,1576984921258,UTC-0600,6fc5c2bf-32d8-9563-44a5-ab6b9a1ac798,,1576984800000,,hytsFLPcD3,
0.0,,,,,,0,1554541200000,com.sec.android.app.shealth,1554566951311,1554566951311,UTC-0600,064930d0-48e2-4616-ad84-6920ebe4786c,,1554562800000,,eL5K8TBQJK,
92.0,bbb6ae8f-17ee-edc4-017f-1fa99d701ff2.extra_data.json,,,0,,,1582786920000,com.sec.android.app.shealth,1582807156008,1582807156008,UTC-0500,bbb6ae8f-17ee-edc4-017f-1fa99d701ff2,,1582806840000,,hytsFLPcD3,
80.0,14ba73df-2ae9-9be4-266b-fcef5e22a3de.extra_data.json,,,1,,,1583742240000,com.sec.android.app.shealth,1583756100479,1583756100479,UTC-0500,14ba73df-2ae9-9be4-266b-fcef5e22a3de,,1583755800000,,hytsFLPcD3,
91.0,7ed0288a-e53e-6739-043c-66ffd9320881.extra_data.json,,,0,,,1579586100000,com.sec.android.app.shealth,1579608806842,1579608806842,UTC-0500,7ed0288a-e53e-6739-043c-66ffd9320881,,1579608600000,,hytsFLPcD3,
85.0,f66d1692-f575-c792-efcd-c78699a00833.extra_data.json,,,0,,,1584430200000,com.sec.android.app.shealth,1584461764626,1584461764626,UTC-0500,f66d1692-f575-c792-efcd-c78699a00833,,1584460620000,,hytsFLPcD3,
90.0,e2f4ee28-b0ab-c0cb-5a6f-7a1abffeeeb0.extra_data.json,,,0,,,1583222280000,com.sec.android.app.shealth,1583240930301,1583240930301,UTC-0500,e2f4ee28-b0ab-c0cb-5a6f-7a1abffeeeb0,,1583240700000,,hytsFLPcD3,
88.0,02d2f3c1-0df1-05e3-942a-3f68a09490c9.extra_data.json,,,0,,,1584870060000,com.sec.android.app.shealth,1584899558608,1584899558608,UTC-0600,02d2f3c1-0df1-05e3-942a-3f68a09490c9,,1584899280000,,hytsFLPcD3,
90.0,27552d95-be13-2a5a-3760-da78a59722a2.extra_data.json,,,0,,,1583603700000,com.sec.android.app.shealth,1583614352693,1583614352693,UTC-0500,27552d95-be13-2a5a-3760-da78a59722a2,,1583613840000,,hytsFLPcD3,
91.0,15e05f90-3304-6e32-ef4a-b47027c56c6c.extra_data.json,,,0,,,1580190240000,com.sec.android.app.shealth,1580213672006,1580213672006,UTC-0500,15e05f90-3304-6e32-ef4a-b47027c56c6c,,1580213400000,,hytsFLPcD3,
90.0,b161c36a-4b1f-ceff-d3f0-28417e538b02.extra_data.json,,,0,,,1585286880000,com.sec.android.app.shealth,1585314092143,1585314092143,UTC-0600,b161c36a-4b1f-ceff-d3f0-28417e538b02,,1585313700000,,hytsFLPcD3,
89.0,d9e58827-cb95-fe13-5412-7b616d69f539.extra_data.json,,,1,,,1583735040000,com.sec.android.app.shealth,1583741972489,1583741972489,UTC-0500,d9e58827-cb95-fe13-5412-7b616d69f539,,1583741640000,,hytsFLPcD3,
88.0,e7e9c6a5-a4f1-d876-833f-2ae082bfa33c.extra_data.json,,,0,,,1585730520000,com.sec.android.app.shealth,1585746021964,1585746021964,UTC-0600,e7e9c6a5-a4f1-d876-833f-2ae082bfa33c,,1585745640000,,hytsFLPcD3,
88.0,093e2113-9f5a-ca6f-e8d6-0a5f6f7e99a7.extra_data.json,,,0,,,1584342540000,com.sec.android.app.shealth,1584371590579,1584371590579,UTC-0500,093e2113-9f5a-ca6f-e8d6-0a5f6f7e99a7,,1584371400000,,hytsFLPcD3,
91.0,7b42c80c-2e8d-69c6-6380-974b6b0c4b23.extra_data.json,,,0,,,1580891100000,com.sec.android.app.shealth,1580905197947,1580905197947,UTC-0500,7b42c80c-2e8d-69c6-6380-974b6b0c4b23,,1580904780000,,hytsFLPcD3,
94.0,8a9c449c-1f2b-6c20-1181-cad1bb3e7e43.extra_data.json,,,0,,,1586164680000,com.sec.android.app.shealth,1586180241550,1586180241550,UTC-0500,8a9c449c-1f2b-6c20-1181-cad1bb3e7e43,,1586179740000,,hytsFLPcD3,
88.0,a280a37f-5073-0909-2984-9faf39a87698.extra_data.json,,,0,,,1584784200000,com.sec.android.app.shealth,1584808836244,1584808836244,UTC-0600,a280a37f-5073-0909-2984-9faf39a87698,,1584808500000,,hytsFLPcD3,
80.0,b1093483-69aa-38a0-c970-082fb6ca04b7.extra_data.json,,,0,,,1570733100000,com.sec.android.app.shealth,1570735445698,1570735445698,UTC-0400,b1093483-69aa-38a0-c970-082fb6ca04b7,,1570734900000,,hytsFLPcD3,
85.0,b2cbfcd6-3907-e21b-cf11-93fb75da2174.extra_data.json,,,0,,,1586583000000,com.sec.android.app.shealth,1586623403071,1586623403071,UTC-0500,b2cbfcd6-3907-e21b-cf11-93fb75da2174,,1586623140000,,hytsFLPcD3,
90.0,cc9e908a-8808-cd2a-1a46-255e5f716798.extra_data.json,,,0,,,1585207080000,com.sec.android.app.shealth,1585226797180,1585226797180,UTC-0600,cc9e908a-8808-cd2a-1a46-255e5f716798,,1585225800000,,hytsFLPcD3,
92.0,3f18dc75-9aa2-1f6b-c7ff-aaac7d058c97.extra_data.json,,,0,,,1581205200000,com.sec.android.app.shealth,1581216964537,1581216964537,UTC-0500,3f18dc75-9aa2-1f6b-c7ff-aaac7d058c97,,1581216000000,,hytsFLPcD3,
87.0,6e13a46e-b99a-259c-0e62-699f49b28936.extra_data.json,,,0,,,1586925420000,com.sec.android.app.shealth,1586952151906,1586952151906,UTC-0500,6e13a46e-b99a-259c-0e62-699f49b28936,,1586951940000,,hytsFLPcD3,
86.0,7e18c010-3349-eeaa-e9b7-95327e040431.extra_data.json,,,0,,,1585705920000,com.sec.android.app.shealth,1585714461769,1585714461769,UTC-0600,7e18c010-3349-eeaa-e9b7-95327e040431,,1585714140000,,hytsFLPcD3,
87.0,e59221cd-a718-f774-01f9-6480d8058407.extra_data.json,,,0,,,1570172460000,com.sec.android.app.shealth,1570187362079,1570187362079,UTC-0400,e59221cd-a718-f774-01f9-6480d8058407,,1570187220000,,hytsFLPcD3,
93.0,b50f3d00-8cbe-23b9-e866-1e3a50bc2fa8.extra_data.json,,,0,,,1587375660000,com.sec.android.app.shealth,1587383927058,1587383927058,UTC-0500,b50f3d00-8cbe-23b9-e866-1e3a50bc2fa8,,1587383580000,,hytsFLPcD3,
92.0,d07efe95-46b3-5c35-4cc9-0322f2e85bd7.extra_data.json,,,0,,,1581749940000,com.sec.android.app.shealth,1581826765120,1581826765120,UTC-0500,d07efe95-46b3-5c35-4cc9-0322f2e85bd7,,1581756900000,,hytsFLPcD3,
92.0,bd1d9ca7-f129-8823-94f4-9e3afe008f53.extra_data.json,,,0,,,1586075640000,com.sec.android.app.shealth,1586100725458,1586100725458,UTC-0600,bd1d9ca7-f129-8823-94f4-9e3afe008f53,,1586100300000,,hytsFLPcD3,
89.0,c5d87320-114a-896c-7560-865aee0ace74.extra_data.json,,,0,,,1564560060000,com.sec.android.app.shealth,1564588113411,1564588113411,UTC-0400,c5d87320-114a-896c-7560-865aee0ace74,,1564587900000,,hytsFLPcD3,
88.0,673e63d8-8653-863c-3fef-272b538a8d54.extra_data.json,,,0,,,1586514900000,com.sec.android.app.shealth,1586547983711,1586547983711,UTC-0500,673e63d8-8653-863c-3fef-272b538a8d54,,1586547900000,,hytsFLPcD3,
87.0,f7fb426b-7717-f8d4-b8e8-eaea7f6cfb56.extra_data.json,,,0,,,1587716640000,com.sec.android.app.shealth,1587730304563,1587730304563,UTC-0500,f7fb426b-7717-f8d4-b8e8-eaea7f6cfb56,,1587729960000,,hytsFLPcD3,
92.0,5c53b78a-44a9-8298-5db3-d9a2ef724e5b.extra_data.json,,,0,,,1582311960000,com.sec.android.app.shealth,1582317933479,1582317933479,UTC-0500,5c53b78a-44a9-8298-5db3-d9a2ef724e5b,,1582316940000,,hytsFLPcD3,
83.0,4b043fae-b659-90f5-2e78-32dcd626bb44.extra_data.json,,,0,,,1586851440000,com.sec.android.app.shealth,1586873592598,1586873592598,UTC-0500,4b043fae-b659-90f5-2e78-32dcd626bb44,,1586872440000,,hytsFLPcD3,
89.0,c1f00a63-216e-a5b0-c884-d3d5855ae242.extra_data.json,,,1,,,1578207600000,com.sec.android.app.shealth,1578243873435,1578243873435,UTC-0600,c1f00a63-216e-a5b0-c884-d3d5855ae242,,1578243660000,,hytsFLPcD3,
89.0,ba35ba82-98b0-a842-dd5f-5261220ad13d.extra_data.json,,,0,,,1582962420000,com.sec.android.app.shealth,1582992135147,1582992135147,UTC-0500,ba35ba82-98b0-a842-dd5f-5261220ad13d,,1582991640000,,hytsFLPcD3,
86.0,20618319-902e-62b5-5c3a-919b529c1974.extra_data.json,,,0,,,1583347560000,com.sec.android.app.shealth,1583353519259,1583353519259,UTC-0500,20618319-902e-62b5-5c3a-919b529c1974,,1583352720000,,hytsFLPcD3,
88.0,e3d24714-14ec-d9ad-eb50-f9395a761f3b.extra_data.json,,,0,,,1587339000000,com.sec.android.app.shealth,1587347879442,1587347879442,UTC-0500,e3d24714-14ec-d9ad-eb50-f9395a761f3b,,1587347580000,,hytsFLPcD3,
88.0,b68a2448-eafd-6806-3c27-aace7351185e.extra_data.json,,,0,,,1588227720000,com.sec.android.app.shealth,1588260387617,1588260387617,UTC-0500,b68a2448-eafd-6806-3c27-aace7351185e,,1588260120000,,hytsFLPcD3,
87.0,fab6330a-ef5f-e51e-e9f4-95d3e00e1749.extra_data.json,,,0,,,1564985520000,com.sec.android.app.shealth,1565012845584,1565012845584,UTC-0400,fab6330a-ef5f-e51e-e9f4-95d3e00e1749,,1565012580000,,hytsFLPcD3,
90.0,0f1fa3be-24b0-7dea-e634-8581ea529b86.extra_data.json,,,0,,,1583634900000,com.sec.android.app.shealth,1583640903603,1583640903603,UTC-0500,0f1fa3be-24b0-7dea-e634-8581ea529b86,,1583639340000,,hytsFLPcD3,
88.0,30b93785-e1fd-894e-d6fc-4856427467ac.extra_data.json,,,0,,,1587681600000,com.sec.android.app.shealth,1587697969167,1587697969167,UTC-0500,30b93785-e1fd-894e-d6fc-4856427467ac,,1587696900000,,hytsFLPcD3,
85.0,25066248-7763-2a5b-6644-226e1d53c092.extra_data.json,,,0,,,1588742760000,com.sec.android.app.shealth,1588766483186,1588766483186,UTC-0500,25066248-7763-2a5b-6644-226e1d53c092,,1588766040000,,hytsFLPcD3,
85.0,92a64fee-cc09-bd31-02ff-3dead2984083.extra_data.json,,,0,,,1575621840000,com.sec.android.app.shealth,1575654861640,1575654861640,UTC-0500,92a64fee-cc09-bd31-02ff-3dead2984083,,1575654720000,,hytsFLPcD3,
89.0,5d033524-c4c1-a361-a32f-34ce969379d4.extra_data.json,,,0,,,1583821920000,com.sec.android.app.shealth,1583842685907,1583842685907,UTC-0500,5d033524-c4c1-a361-a32f-34ce969379d4,,1583842440000,,hytsFLPcD3,
78.0,886abd8e-021b-909b-f290-b0f0f3af1be5.extra_data.json,,,0,,,1588142160000,com.sec.android.app.shealth,1588165549312,1588165549312,UTC-0500,886abd8e-021b-909b-f290-b0f0f3af1be5,,1588165020000,,hytsFLPcD3,
90.0,1e475e28-2d1b-1cb5-fe82-0c8536239831.extra_data.json,,,0,,,1589056740000,com.sec.android.app.shealth,1589061731110,1589061731110,UTC-0500,1e475e28-2d1b-1cb5-fe82-0c8536239831,,1589061360000,,hytsFLPcD3,
90.0,aae39543-4a94-3541-a7a8-3323d3ec566a.extra_data.json,,,0,,,1588655040000,com.sec.android.app.shealth,1588685522129,1588685522129,UTC-0500,aae39543-4a94-3541-a7a8-3323d3ec566a,,1588685460000,,hytsFLPcD3,
73.0,1595bd25-46aa-3eee-f6e1-e79ae3f8b98b.extra_data.json,,,0,,,1576097040000,com.sec.android.app.shealth,1576106071340,1576106071340,UTC-0500,1595bd25-46aa-3eee-f6e1-e79ae3f8b98b,,1576105080000,,hytsFLPcD3,
95.0,70a99f3b-9686-207b-47fb-ed04ed75466c.extra_data.json,,,0,,,1584570180000,com.sec.android.app.shealth,1584583272448,1584583272448,UTC-0500,70a99f3b-9686-207b-47fb-ed04ed75466c,,1584582960000,,hytsFLPcD3,
84.0,f022737d-2f96-b60f-4d90-9972a212c98f.extra_data.json,,,0,,,1589011680000,com.sec.android.app.shealth,1589040805601,1589040805601,UTC-0500,f022737d-2f96-b60f-4d90-9972a212c98f,,1589039640000,,hytsFLPcD3,
90.0,cd9c31b8-4ee2-a586-446e-e8b2464e53c8.extra_data.json,,,0,,,1573009740000,com.sec.android.app.shealth,1573017991570,1573017991570,UTC-0500,cd9c31b8-4ee2-a586-446e-e8b2464e53c8,,1573017600000,,hytsFLPcD3,
88.0,d17d4719-4cca-b9f6-d944-64ffd1adcd95.extra_data.json,,,0,,,1584942900000,com.sec.android.app.shealth,1584967667852,1584967667852,UTC-0600,d17d4719-4cca-b9f6-d944-64ffd1adcd95,,1584967620000,,hytsFLPcD3,
82.0,299a241a-9612-4f44-bfde-4567cf65d389.extra_data.json,,,0,,,1589437980000,com.sec.android.app.shealth,1589465015560,1589465015560,UTC-0500,299a241a-9612-4f44-bfde-4567cf65d389,,1589464440000,,hytsFLPcD3,
90.0,9557b6ca-8e99-4dbe-74db-45fb53a6d653.extra_data.json,,,0,,,1589353440000,com.sec.android.app.shealth,1589371533685,1589371533685,UTC-0500,9557b6ca-8e99-4dbe-74db-45fb53a6d653,,1589371080000,,hytsFLPcD3,
88.0,9da7c761-b359-613b-1b78-8add76422533.extra_data.json,,,0,,,1565251740000,com.sec.android.app.shealth,1565281673448,1565281673448,UTC-0400,9da7c761-b359-613b-1b78-8add76422533,,1565281320000,,hytsFLPcD3,
88.0,ef5295c4-11c2-6555-497f-13786a4b2d89.extra_data.json,,,0,,,1585384680000,com.sec.android.app.shealth,1585424003662,1585424003662,UTC-0600,ef5295c4-11c2-6555-497f-13786a4b2d89,,1585423680000,,hytsFLPcD3,
83.0,8fbf1602-e981-4d1c-4f55-b411888b6fbb.extra_data.json,,,0,,,1589867280000,com.sec.android.app.shealth,1589897365576,1589897365576,UTC-0500,8fbf1602-e981-4d1c-4f55-b411888b6fbb,,1589896200000,,hytsFLPcD3,
85.0,f487c3bb-ef23-23d1-d759-b4bdc0606561.extra_data.json,,,0,,,1590391860000,com.sec.android.app.shealth,1590418970319,1590418970319,UTC-0500,f487c3bb-ef23-23d1-d759-b4bdc0606561,,1590418800000,,hytsFLPcD3,
94.0,4e96224f-e5c0-0a28-ef41-5546d4c9a5fc.extra_data.json,,,0,,,1585770300000,com.sec.android.app.shealth,1585780228074,1585780228074,UTC-0600,4e96224f-e5c0-0a28-ef41-5546d4c9a5fc,,1585779720000,,hytsFLPcD3,
85.0,3a03ee03-8c62-b18e-cedb-7fdce279adea.extra_data.json,,,0,,,1571561040000,com.sec.android.app.shealth,1571574710338,1571574710338,UTC-0400,3a03ee03-8c62-b18e-cedb-7fdce279adea,,1571574420000,,hytsFLPcD3,
0.0,,,,,,50004,1549528200000,com.sec.android.app.shealth,1549560165208,1549560165208,UTC-0600,6375243a-7bdf-457e-953f-e3376b4979bd,,1549544400000,,eL5K8TBQJK,
85.0,7d3f7416-3274-0eab-de23-015b009b87f0.extra_data.json,,,0,,,1589956800000,com.sec.android.app.shealth,1589976450587,1589976450587,UTC-0500,7d3f7416-3274-0eab-de23-015b009b87f0,,1589975640000,,hytsFLPcD3,
88.0,3c702719-18f7-a6f0-a71d-83a7442776c6.extra_data.json,,,0,,,1590826500000,com.sec.android.app.shealth,1590854652560,1590854652560,UTC-0500,3c702719-18f7-a6f0-a71d-83a7442776c6,,1590854580000,,hytsFLPcD3,
94.0,b8e8d913-4683-dcd1-3afe-267f127a3d0a.extra_data.json,,,0,,,1586199420000,com.sec.android.app.shealth,1586207965485,1586207965485,UTC-0500,b8e8d913-4683-dcd1-3afe-267f127a3d0a,,1586207640000,,hytsFLPcD3,
88.0,51bd8365-0b26-ecc3-d7a5-e01c01f67155.extra_data.json,,,0,,,1572600780000,com.sec.android.app.shealth,1572610144331,1572610144331,UTC-0500,51bd8365-0b26-ecc3-d7a5-e01c01f67155,,1572609540000,,hytsFLPcD3,
82.0,1226c811-05d0-a65c-4c9a-6e11caabb32c.extra_data.json,,,0,,,1586672460000,com.sec.android.app.shealth,1586701583994,1586701583994,UTC-0500,1226c811-05d0-a65c-4c9a-6e11caabb32c,,1586701260000,,hytsFLPcD3,
86.0,988d929f-546e-56ac-fa03-f83c739445ad.extra_data.json,,,0,,,1591189380000,com.sec.android.app.shealth,1591206890619,1591206890619,UTC-0500,988d929f-546e-56ac-fa03-f83c739445ad,,1591206720000,,hytsFLPcD3,
73.0,3ca0f6c5-78e0-ed36-d391-e284ae6222c3.extra_data.json,,,0,,,1569685260000,com.sec.android.app.shealth,1569690243288,1569690243288,UTC-0400,3ca0f6c5-78e0-ed36-d391-e284ae6222c3,,1569690060000,,hytsFLPcD3,
87.0,cf9c7b5a-0ab1-8ee0-3520-6c08332586bb.extra_data.json,,,0,,,1590481320000,com.sec.android.app.shealth,1590523157976,1590523157976,UTC-0500,cf9c7b5a-0ab1-8ee0-3520-6c08332586bb,,1590509700000,,hytsFLPcD3,
91.0,a9cb0429-aa45-f8d2-bc2e-4bf5516081e5.extra_data.json,,,0,,,1587018180000,com.sec.android.app.shealth,1587038758135,1587038758135,UTC-0500,a9cb0429-aa45-f8d2-bc2e-4bf5516081e5,,1587038340000,,hytsFLPcD3,
88.0,6738f6c4-5068-180e-5605-306effb336d0.extra_data.json,,,0,,,1587405660000,com.sec.android.app.shealth,1587418958124,1587418958124,UTC-0500,6738f6c4-5068-180e-5605-306effb336d0,,1587418620000,,hytsFLPcD3,
88.0,3efb51fb-f16f-70c6-f056-50a6d8b6a05b.extra_data.json,,,0,,,1591536420000,com.sec.android.app.shealth,1591549684607,1591549684607,UTC-0500,3efb51fb-f16f-70c6-f056-50a6d8b6a05b,,1591549500000,,hytsFLPcD3,
83.0,3bc6e2cd-a15b-955b-971c-7981279a89fb.extra_data.json,,,0,,,1563611700000,com.sec.android.app.shealth,1563636069321,1563636069321,UTC-0500,3bc6e2cd-a15b-955b-971c-7981279a89fb,,1563635880000,,hytsFLPcD3,
89.0,2f01c3fb-6472-2939-7464-529b88b901c7.extra_data.json,,,0,,,1587798480000,com.sec.android.app.shealth,1587833436748,1587833436748,UTC-0500,2f01c3fb-6472-2939-7464-529b88b901c7,,1587833400000,,hytsFLPcD3,
70.0,c8e91946-d462-a458-17a7-d4e109cd36ff.extra_data.json,,,0,,,1569336420000,com.sec.android.app.shealth,1569342111538,1569342111538,UTC-0400,c8e91946-d462-a458-17a7-d4e109cd36ff,,1569341640000,,hytsFLPcD3,
88.0,52330dd6-12ca-38ee-0235-416eb89e184d.extra_data.json,,,0,,,1591786500000,com.sec.android.app.shealth,1591822268087,1591822268087,UTC-0500,52330dd6-12ca-38ee-0235-416eb89e184d,,1591822200000,,hytsFLPcD3,
86.0,20fb1a55-0015-d5d1-ae0f-b5ff468d1337.extra_data.json,,,0,,,1588322160000,com.sec.android.app.shealth,1588353926731,1588353926731,UTC-0500,20fb1a55-0015-d5d1-ae0f-b5ff468d1337,,1588353720000,,hytsFLPcD3,
85.0,19df81d4-3a46-b18f-d95b-b43ace821664.extra_data.json,,,0,,,1590908820000,com.sec.android.app.shealth,1590949528609,1590949528609,UTC-0500,19df81d4-3a46-b18f-d95b-b43ace821664,,1590949140000,,hytsFLPcD3,
93.0,74a3a21a-71d8-65a6-0895-0de5360dd623.extra_data.json,,,0,,,1564385760000,com.sec.android.app.shealth,1564419889226,1564419889226,UTC-0400,74a3a21a-71d8-65a6-0895-0de5360dd623,,1564419660000,,hytsFLPcD3,
0.0,,,,,,0,1554626400000,com.sec.android.app.shealth,1554662639812,1554662639812,UTC-0600,b08a4fc1-f998-41b0-b5f5-0971eb44e9dd,,1554651000000,,eL5K8TBQJK,
92.0,5ed13374-6c1d-0638-31cc-0d3ba3234a2b.extra_data.json,,,0,,,1592289540000,com.sec.android.app.shealth,1592309052962,1592309052962,UTC-0500,5ed13374-6c1d-0638-31cc-0d3ba3234a2b,,1592308500000,,hytsFLPcD3,
0.0,,,,,,0,1554696000000,com.sec.android.app.shealth,1554743449650,1554743449650,UTC-0400,58b792f2-d6c1-4f2e-826b-32ac51038a8f,,1554724800000,,eL5K8TBQJK,
89.0,449d7909-3b30-2d82-731b-12d65f44f541.extra_data.json,,,0,,,1569528420000,com.sec.android.app.shealth,1569544965385,1569544965385,UTC-0400,449d7909-3b30-2d82-731b-12d65f44f541,,1569544680000,,hytsFLPcD3,
90.0,9a390b30-55ef-8a37-1028-2cdd46507f10.extra_data.json,,,0,,,1588811100000,com.sec.android.app.shealth,1588823005223,1588823005223,UTC-0500,9a390b30-55ef-8a37-1028-2cdd46507f10,,1588822680000,,hytsFLPcD3,
81.0,e9967cc4-911c-3dad-c5a2-a1bf1ad0eeeb.extra_data.json,,,0,,,1575448560000,com.sec.android.app.shealth,1575472607555,1575472607555,UTC-0500,e9967cc4-911c-3dad-c5a2-a1bf1ad0eeeb,,1575471480000,,hytsFLPcD3,
84.0,28e0b8cc-620d-d9e9-d11e-6353aac24528.extra_data.json,,,0,,,1591255740000,com.sec.android.app.shealth,1591280096369,1591280096369,UTC-0500,28e0b8cc-620d-d9e9-d11e-6353aac24528,,1591279740000,,hytsFLPcD3,
89.0,3aff5aa0-4bcc-a21f-6cee-100be2ae83da.extra_data.json,,,0,,,1578735780000,com.sec.android.app.shealth,1578769144433,1578769144433,UTC-0600,3aff5aa0-4bcc-a21f-6cee-100be2ae83da,,1578768480000,,hytsFLPcD3,
87.0,ea9a4ca8-9894-05ca-4f7d-b529f2069aaf.extra_data.json,,,0,,,1578128760000,com.sec.android.app.shealth,1578153132671,1578153132671,UTC-0600,ea9a4ca8-9894-05ca-4f7d-b529f2069aaf,,1578152460000,,hytsFLPcD3,
0.0,,,,,,0,1555568400000,com.sec.android.app.shealth,1555600275230,1555600275230,UTC-0400,5576fea1-bcfd-4019-99f0-4da3c4327218,,1555599000000,,eL5K8TBQJK,
70.0,cdb55dd3-052b-8983-4e67-bcf0a2a92728.extra_data.json,,,0,,,1574610540000,com.sec.android.app.shealth,1574617258469,1574617258469,UTC-0500,cdb55dd3-052b-8983-4e67-bcf0a2a92728,,1574616960000,,hytsFLPcD3,
85.0,7d69dfbe-2d23-94f2-cfd4-c867ea12ee2a.extra_data.json,,,0,,,1589100180000,com.sec.android.app.shealth,1589130958541,1589130958541,UTC-0500,7d69dfbe-2d23-94f2-cfd4-c867ea12ee2a,,1589130660000,,hytsFLPcD3,
89.0,4d7c4203-7e51-9619-187f-9d19cb047962.extra_data.json,,,0,,,1591596120000,com.sec.android.app.shealth,1591619989768,1591619989768,UTC-0500,4d7c4203-7e51-9619-187f-9d19cb047962,,1591619880000,,hytsFLPcD3,
83.0,104c1dee-8ef3-f14c-3f71-103ed248333e.extra_data.json,,,0,,,1566442980000,com.sec.android.app.shealth,1566456255762,1566456255762,UTC-0400,104c1dee-8ef3-f14c-3f71-103ed248333e,,1566456180000,,hytsFLPcD3,
87.0,f0801f39-a188-ce71-d2dd-83ca74b7668d.extra_data.json,,,0,,,1571576220000,com.sec.android.app.shealth,1571583634351,1571583634351,UTC-0400,f0801f39-a188-ce71-d2dd-83ca74b7668d,,1571582640000,,hytsFLPcD3,
91.0,e9f49ec4-aa8e-2623-379b-5d70d5aec3f7.extra_data.json,,,0,,,1578473820000,com.sec.android.app.shealth,1578518134983,1578518134983,UTC-0600,e9f49ec4-aa8e-2623-379b-5d70d5aec3f7,,1578517740000,,hytsFLPcD3,
88.0,68aca06f-25b4-0070-5299-1b19998ff08f.extra_data.json,,,0,,,1576750380000,com.sec.android.app.shealth,1576772672544,1576772672544,UTC-0600,68aca06f-25b4-0070-5299-1b19998ff08f,,1576772520000,,hytsFLPcD3,
80.0,7a576ae8-62c6-1276-0b06-36d4e6bd2a3e.extra_data.json,,,0,,,1589519940000,com.sec.android.app.shealth,1589543487607,1589543487607,UTC-0500,7a576ae8-62c6-1276-0b06-36d4e6bd2a3e,,1589543040000,,hytsFLPcD3,
87.0,c37e3eb8-0607-d7e7-0df7-81eea1b5afe3.extra_data.json,,,0,,,1591868160000,com.sec.android.app.shealth,1591887963727,1591887963727,UTC-0500,c37e3eb8-0607-d7e7-0df7-81eea1b5afe3,,1591887540000,,hytsFLPcD3,
86.0,d589b5f0-aef8-36bc-49b8-2571660682a5.extra_data.json,,,0,,,1572173040000,com.sec.android.app.shealth,1572181981365,1572181981365,UTC-0500,d589b5f0-aef8-36bc-49b8-2571660682a5,,1572181560000,,hytsFLPcD3,
0.0,,,,,,50003,1549441200000,com.sec.android.app.shealth,1549473901293,1549473901293,UTC-0600,b2fca1a7-3b9c-477b-ba21-f1e4a053cab9,,1549458600000,,eL5K8TBQJK,
86.0,b7b151bc-086c-dab7-e6b9-3e50d29378a3.extra_data.json,,,0,,,1590040920000,com.sec.android.app.shealth,1590084678677,1590084678677,UTC-0500,b7b151bc-086c-dab7-e6b9-3e50d29378a3,,1590084360000,,hytsFLPcD3,
84.0,8b6023a3-921e-6194-c55d-7444c015dda5.extra_data.json,,,0,,,1575796140000,com.sec.android.app.shealth,1575824104500,1575824104500,UTC-0500,8b6023a3-921e-6194-c55d-7444c015dda5,,1575823980000,,hytsFLPcD3,
90.0,8b60bd57-3fc5-9529-21a1-3abe97883025.extra_data.json,,,0,,,1592373780000,com.sec.android.app.shealth,1592394981794,1592394981794,UTC-0500,8b60bd57-3fc5-9529-21a1-3abe97883025,,1592394900000,,hytsFLPcD3,
92.0,71582dc0-4a25-a5c3-17f1-d46db2501388.extra_data.json,,,0,,,1572610200000,com.sec.android.app.shealth,1572618657447,1572618657447,UTC-0500,71582dc0-4a25-a5c3-17f1-d46db2501388,,1572618540000,,hytsFLPcD3,
85.0,908496c4-f9f5-6654-df1d-8c320135c731.extra_data.json,,,1,,,1590570240000,com.sec.android.app.shealth,1590592510750,1590592510750,UTC-0500,908496c4-f9f5-6654-df1d-8c320135c731,,1590592080000,,hytsFLPcD3,
91.0,580d10ee-b92b-47c1-9970-ce2238d2dc8c.extra_data.json,,,0,,,1576570560000,com.sec.android.app.shealth,1576596965376,1576596965376,UTC-0600,580d10ee-b92b-47c1-9970-ce2238d2dc8c,,1576595820000,,hytsFLPcD3,
88.0,aaf4eec2-4e04-4531-c7f4-f65c69c5a0bc.extra_data.json,,,0,,,1575875040000,com.sec.android.app.shealth,1575893144404,1575893144404,UTC-0500,aaf4eec2-4e04-4531-c7f4-f65c69c5a0bc,,1575892800000,,hytsFLPcD3,
84.0,044652d7-7293-d0ef-9a2e-d96c40edb174.extra_data.json,,,0,,,1573024860000,com.sec.android.app.shealth,1573050874501,1573050874501,UTC-0500,044652d7-7293-d0ef-9a2e-d96c40edb174,,1573050660000,,hytsFLPcD3,
92.0,5dfd38a4-4841-3dd6-4858-98895c6bb87b.extra_data.json,,,0,,,1565333280000,com.sec.android.app.shealth,1565359857601,1565359857601,UTC-0400,5dfd38a4-4841-3dd6-4858-98895c6bb87b,,1565359500000,,hytsFLPcD3,
82.0,d5c13e78-1792-b760-f226-6e9cf2af4274.extra_data.json,,,0,,,1574499480000,com.sec.android.app.shealth,1574527506688,1574527506688,UTC-0500,d5c13e78-1792-b760-f226-6e9cf2af4274,,1574526480000,,hytsFLPcD3,
89.0,b6a78a55-13f0-e599-fd7d-b24116bb84f1.extra_data.json,,,0,,,1565673840000,com.sec.android.app.shealth,1565694602318,1565694602318,UTC-0400,b6a78a55-13f0-e599-fd7d-b24116bb84f1,,1565694540000,,hytsFLPcD3,
85.0,e8ad0e20-911f-f79d-ccb0-3369e276e33c.extra_data.json,,,0,,,1576049520000,com.sec.android.app.shealth,1576073366297,1576073366297,UTC-0500,e8ad0e20-911f-f79d-ccb0-3369e276e33c,,1576073040000,,hytsFLPcD3,
88.0,c0887a8b-de17-424c-7c84-ad4ab0a9a0f3.extra_data.json,,,0,,,1590994380000,com.sec.android.app.shealth,1591012289368,1591012289368,UTC-0500,c0887a8b-de17-424c-7c84-ad4ab0a9a0f3,,1591011840000,,hytsFLPcD3,
84.0,5190306b-66fd-9d5d-a921-0f572dced0ef.extra_data.json,,,0,,,1574413020000,com.sec.android.app.shealth,1574439102715,1574439102715,UTC-0500,5190306b-66fd-9d5d-a921-0f572dced0ef,,1574438820000,,hytsFLPcD3,
86.0,ee667b2e-c6db-04d7-2d48-b4bf2fa06285.extra_data.json,,,0,,,1591347240000,com.sec.android.app.shealth,1591368460907,1591368460907,UTC-0500,ee667b2e-c6db-04d7-2d48-b4bf2fa06285,,1591367580000,,hytsFLPcD3,
78.0,15734519-6cdf-a340-9e47-d3e01aa9aecd.extra_data.json,,,0,,,1573723680000,com.sec.android.app.shealth,1573752392671,1573752392671,UTC-0500,15734519-6cdf-a340-9e47-d3e01aa9aecd,,1573751880000,,hytsFLPcD3,
87.0,148b401d-e3fd-ec2a-5487-ec5c1d31c7ce.extra_data.json,,,0,,,1571376180000,com.sec.android.app.shealth,1571396458592,1571396458592,UTC-0400,148b401d-e3fd-ec2a-5487-ec5c1d31c7ce,,1571396040000,,hytsFLPcD3,
93.0,e37b2b9a-e5c5-9bd2-b8ba-2177ff9c9b26.extra_data.json,,,0,,,1591660500000,com.sec.android.app.shealth,1591675179172,1591675179172,UTC-0500,e37b2b9a-e5c5-9bd2-b8ba-2177ff9c9b26,,1591674000000,,hytsFLPcD3,
88.0,612d60e4-785b-cd27-e3fa-d77e864053ac.extra_data.json,,,0,,,1563706080000,com.sec.android.app.shealth,1563729202173,1563729202173,UTC-0500,612d60e4-785b-cd27-e3fa-d77e864053ac,,1563728940000,,hytsFLPcD3,
87.0,4eda87fe-8790-c2f2-22a3-ec0f2a0c19aa.extra_data.json,,,0,,,1575018240000,com.sec.android.app.shealth,1575050304185,1575050304185,UTC-0500,4eda87fe-8790-c2f2-22a3-ec0f2a0c19aa,,1575049620000,,hytsFLPcD3,
93.0,442900c3-1799-470f-9db1-6ebf33a55daf.extra_data.json,,,0,,,1591944180000,com.sec.android.app.shealth,1591972226381,1591972226381,UTC-0500,442900c3-1799-470f-9db1-6ebf33a55daf,,1591972200000,,hytsFLPcD3,
89.0,1bdb2f1d-8988-4e71-a27b-7423fd1b8d73.extra_data.json,,,0,,,1566282660000,com.sec.android.app.shealth,1566299741862,1566299741862,UTC-0400,1bdb2f1d-8988-4e71-a27b-7423fd1b8d73,,1566299640000,,hytsFLPcD3,
88.0,7bec12c0-9cc0-21ed-6959-fc3d5819b526.extra_data.json,,,0,,,1571986080000,com.sec.android.app.shealth,1572003524720,1572003524720,UTC-0400,7bec12c0-9cc0-21ed-6959-fc3d5819b526,,1572003180000,,hytsFLPcD3,
83.0,5c6a568e-567b-70e6-b89e-bad5ba321e3f.extra_data.json,,,0,,,1572998460000,com.sec.android.app.shealth,1573003757478,1573003757478,UTC-0500,5c6a568e-567b-70e6-b89e-bad5ba321e3f,,1573003560000,,hytsFLPcD3,
71.0,b44f4d4b-ca3a-a91e-97e4-5ab6f0b6ec9e.extra_data.json,,,0,,,1573003800000,com.sec.android.app.shealth,1573009251312,1573009251312,UTC-0500,b44f4d4b-ca3a-a91e-97e4-5ab6f0b6ec9e,,1573009200000,,hytsFLPcD3,
91.0,50952e41-29de-c503-7161-0df4bba44d73.extra_data.json,,,0,,,1576658760000,com.sec.android.app.shealth,1576684493613,1576684493613,UTC-0600,50952e41-29de-c503-7161-0df4bba44d73,,1576683840000,,hytsFLPcD3,
0.0,,,,,,0,1553932800000,com.sec.android.app.shealth,1553965624497,1553965624497,UTC-0600,08d2eba8-6570-4235-99b5-2d551b45d99c,,1553965623282,,eL5K8TBQJK,
83.0,d90924ce-db1a-5d99-ced2-4cdc9e002d99.extra_data.json,,,0,,,1572400980000,com.sec.android.app.shealth,1572405509332,1572405509332,UTC-0500,d90924ce-db1a-5d99-ced2-4cdc9e002d99,,1572405240000,,hytsFLPcD3,
86.0,dd0fe2f8-88de-6d63-6b8b-51ac429cf1b6.extra_data.json,,,0,,,1575194580000,com.sec.android.app.shealth,1575206202357,1575206202357,UTC-0500,dd0fe2f8-88de-6d63-6b8b-51ac429cf1b6,,1575205800000,,hytsFLPcD3,
86.0,45cddea1-54b9-5c87-200e-b6f6f51460b3.extra_data.json,,,0,,,1573460280000,com.sec.android.app.shealth,1573482332435,1573482332435,UTC-0500,45cddea1-54b9-5c87-200e-b6f6f51460b3,,1573482120000,,hytsFLPcD3,
86.0,901bed64-dfe2-1660-9a74-203d8ed0ec34.extra_data.json,,,0,,,1565941500000,com.sec.android.app.shealth,1565954317914,1565954317914,UTC-0400,901bed64-dfe2-1660-9a74-203d8ed0ec34,,1565953980000,,hytsFLPcD3,
83.0,252deb9a-c86a-0860-c4fc-3f701a8cabc2.extra_data.json,,,0,,,1570017000000,com.sec.android.app.shealth,1570020400057,1570020400057,UTC-0400,252deb9a-c86a-0860-c4fc-3f701a8cabc2,,1570020300000,,hytsFLPcD3,
88.0,9fd4cc35-5267-9064-f780-166a91dbd555.extra_data.json,,,0,,,1573975800000,com.sec.android.app.shealth,1574006883761,1574006883761,UTC-0500,9fd4cc35-5267-9064-f780-166a91dbd555,,1574006820000,,hytsFLPcD3,
64.0,7abd2a4c-5abc-17ca-8b8a-5a9180ed1495.extra_data.json,,,0,,,1566602880000,com.sec.android.app.shealth,1566607904400,1566607904400,UTC-0400,7abd2a4c-5abc-17ca-8b8a-5a9180ed1495,,1566607800000,,hytsFLPcD3,
91.0,33f31047-865c-1304-83c0-cf5521703e42.extra_data.json,,,0,,,1578835260000,com.sec.android.app.shealth,1578849768261,1578849768261,UTC-0600,33f31047-865c-1304-83c0-cf5521703e42,,1578849600000,,hytsFLPcD3,
84.0,ca8101d7-f026-1bfc-4e53-fe016f88a531.extra_data.json,,,0,,,1570579620000,com.sec.android.app.shealth,1570586361545,1570586361545,UTC-0400,ca8101d7-f026-1bfc-4e53-fe016f88a531,,1570585800000,,hytsFLPcD3,
81.0,a4bd77a4-0882-02a2-e2d5-4f9b0cde1ab8.extra_data.json,,,0,,,1568130000000,com.sec.android.app.shealth,1568145491714,1568145491714,UTC-0400,a4bd77a4-0882-02a2-e2d5-4f9b0cde1ab8,,1568145420000,,hytsFLPcD3,
81.0,b68b43cc-8acf-344d-9f9f-b1320374f560.extra_data.json,,,0,,,1574672760000,com.sec.android.app.shealth,1574696891167,1574696891167,UTC-0500,b68b43cc-8acf-344d-9f9f-b1320374f560,,1574696700000,,hytsFLPcD3,
78.0,7d9eb8bf-e488-029c-1216-af16e89b1539.extra_data.json,,,0,,,1567240860000,com.sec.android.app.shealth,1567248116006,1567248116006,UTC-0400,7d9eb8bf-e488-029c-1216-af16e89b1539,,1567247040000,,hytsFLPcD3,
88.0,47c273b6-7508-66e1-1470-9b43fc6e4bcf.extra_data.json,,,0,,,1574147100000,com.sec.android.app.shealth,1574162321847,1574162321847,UTC-0500,47c273b6-7508-66e1-1470-9b43fc6e4bcf,,1574161980000,,hytsFLPcD3,
80.0,b81d8859-8063-994f-2b77-e8134d7ba16e.extra_data.json,,,0,,,1572047280000,com.sec.android.app.shealth,1572051615629,1572051615629,UTC-0400,b81d8859-8063-994f-2b77-e8134d7ba16e,,1572051480000,,hytsFLPcD3,
83.0,89e2c30c-5c0b-7ed3-51bb-9a0f2a6bc06f.extra_data.json,,,0,,,1570352460000,com.sec.android.app.shealth,1570373258618,1570373258618,UTC-0400,89e2c30c-5c0b-7ed3-51bb-9a0f2a6bc06f,,1570373040000,,hytsFLPcD3,
85.0,ffcc1344-d2e6-a110-03cb-ba475c217cb5.extra_data.json,,,1,,,1573161300000,com.sec.android.app.shealth,1573168309395,1573168309395,UTC-0500,ffcc1344-d2e6-a110-03cb-ba475c217cb5,,1573168020000,,hytsFLPcD3,
89.0,6961b36b-d9b5-0427-331c-8d8eae929d36.extra_data.json,,,0,,,1571784420000,com.sec.android.app.shealth,1571793342557,1571793342557,UTC-0400,6961b36b-d9b5-0427-331c-8d8eae929d36,,1571792160000,,hytsFLPcD3,
73.0,45e614c7-5135-1918-b06a-7d3137d020d9.extra_data.json,,,0,,,1563655380000,com.sec.android.app.shealth,1563662603343,1563662603343,UTC-0500,45e614c7-5135-1918-b06a-7d3137d020d9,,1563662400000,,hytsFLPcD3,
77.0,8d787d24-d235-9df5-dace-ec12ea36921a.extra_data.json,,,0,,,1568671800000,com.sec.android.app.shealth,1568675583652,1568675583652,UTC-0500,8d787d24-d235-9df5-dace-ec12ea36921a,,1568675460000,,hytsFLPcD3,
86.0,e6bce2ac-949c-08bc-2a97-6532ced24189.extra_data.json,,,0,,,1577098920000,com.sec.android.app.shealth,1577114511453,1577114511453,UTC-0600,e6bce2ac-949c-08bc-2a97-6532ced24189,,1577114460000,,hytsFLPcD3,
88.0,738228ee-626e-52a5-8c37-389e2e486a51.extra_data.json,,,0,,,1569659760000,com.sec.android.app.shealth,1569676051894,1569676051894,UTC-0400,738228ee-626e-52a5-8c37-389e2e486a51,,1569675840000,,hytsFLPcD3,
87.0,cc897643-67ee-bb2c-e4f1-0b2e87bfac49.extra_data.json,,,0,,,1569481620000,com.sec.android.app.shealth,1569496028016,1569496028016,UTC-0400,cc897643-67ee-bb2c-e4f1-0b2e87bfac49,,1569495780000,,hytsFLPcD3,
0.0,,,,,,0,1554965400000,com.sec.android.app.shealth,1555004568170,1555004568170,UTC-0500,c5547151-83a4-45b3-96a5-74b6d11e65fb,,1554986400000,,eL5K8TBQJK,
88.0,706eeaf4-f7df-36c4-de1b-f41dd9d367ad.extra_data.json,,,0,,,1567248120000,com.sec.android.app.shealth,1567283773964,1567283773964,UTC-0400,706eeaf4-f7df-36c4-de1b-f41dd9d367ad,,1567257300000,,hytsFLPcD3,
89.0,7b26e403-0433-b187-903f-69352c112577.extra_data.json,,,0,,,1577694060000,com.sec.android.app.shealth,1577740085883,1577740085883,UTC-0600,7b26e403-0433-b187-903f-69352c112577,,1577739960000,,hytsFLPcD3,
88.0,2fec4cb5-c4ef-05d6-b35b-99983d451dac.extra_data.json,,,0,,,1569045360000,com.sec.android.app.shealth,1569066519659,1569066519659,UTC-0400,2fec4cb5-c4ef-05d6-b35b-99983d451dac,,1569066480000,,hytsFLPcD3,
88.0,3e2577b3-1426-5083-b088-42b37515f65c.extra_data.json,,,0,,,1578051600000,com.sec.android.app.shealth,1578077148624,1578077148624,UTC-0600,3e2577b3-1426-5083-b088-42b37515f65c,,1578076560000,,hytsFLPcD3,
90.0,40d75a20-fb84-22c2-8b93-94d56f375878.extra_data.json,,,0,,,1579074540000,com.sec.android.app.shealth,1579103924499,1579103924499,UTC-0500,40d75a20-fb84-22c2-8b93-94d56f375878,,1579103400000,,hytsFLPcD3,
90.0,74473717-9208-f178-7664-4491509f3744.extra_data.json,,,0,,,1571466480000,com.sec.android.app.shealth,1571488939161,1571488939161,UTC-0400,74473717-9208-f178-7664-4491509f3744,,1571488740000,,hytsFLPcD3,
85.0,d599fff0-cd67-8905-cc28-563624dfe92d.extra_data.json,,,1,,,1575273780000,com.sec.android.app.shealth,1575297828518,1575297828518,UTC-0500,d599fff0-cd67-8905-cc28-563624dfe92d,,1575297660000,,hytsFLPcD3,
88.0,38572671-554a-604e-7252-d920b3b49a91.extra_data.json,,,0,,,1573892880000,com.sec.android.app.shealth,1573917626693,1573917626693,UTC-0500,38572671-554a-604e-7252-d920b3b49a91,,1573916820000,,hytsFLPcD3,
0.0,,,,,,50004,1556005800000,com.sec.android.app.shealth,1556042420679,1556042420679,UTC-0500,92ea0939-7e56-478d-b8db-6890d25cec3f,,1556040000000,,eL5K8TBQJK,
92.0,e759695e-6973-d0e2-cf63-8a5f069f7f6b.extra_data.json,,,0,,,1579761780000,com.sec.android.app.shealth,1579781937539,1579781937539,UTC-0500,e759695e-6973-d0e2-cf63-8a5f069f7f6b,,1579781640000,,hytsFLPcD3,
82.0,584cec16-2c6e-dfa9-ef7f-7cca3e42fa45.extra_data.json,,,0,,,1576225260000,com.sec.android.app.shealth,1576251230627,1576251230627,UTC-0500,584cec16-2c6e-dfa9-ef7f-7cca3e42fa45,,1576251060000,,hytsFLPcD3,
88.0,87d6a15a-3ad4-6cff-f932-05d0d6352f11.extra_data.json,,,0,,,1580276040000,com.sec.android.app.shealth,1580300433850,1580300433850,UTC-0500,87d6a15a-3ad4-6cff-f932-05d0d6352f11,,1580300100000,,hytsFLPcD3,
83.0,b898d913-173a-bcaa-611c-40352d915ba3.extra_data.json,,,0,,,1576311660000,com.sec.android.app.shealth,1576329255045,1576329255045,UTC-0500,b898d913-173a-bcaa-611c-40352d915ba3,,1576329060000,,hytsFLPcD3,
87.0,74f6543b-ae78-f92e-0967-ce85fabcf9c0.extra_data.json,,,0,,,1575182220000,com.sec.android.app.shealth,1575191062083,1575191062083,UTC-0500,74f6543b-ae78-f92e-0967-ce85fabcf9c0,,1575190200000,,hytsFLPcD3,
91.0,18de9df3-5d40-5052-2ecd-ff6242169ce3.extra_data.json,,,0,,,1580974260000,com.sec.android.app.shealth,1580991307555,1580991307555,UTC-0500,18de9df3-5d40-5052-2ecd-ff6242169ce3,,1580990940000,,hytsFLPcD3,
88.0,65c90332-e54f-2354-4fa3-2e54c3fa3b5f.extra_data.json,,,0,,,1578824040000,com.sec.android.app.shealth,1578835195502,1578835195502,UTC-0600,65c90332-e54f-2354-4fa3-2e54c3fa3b5f,,1578834960000,,hytsFLPcD3,
90.0,2bedd37f-c9e6-c2c3-9aca-263ecef4ea58.extra_data.json,,,0,,,1581319140000,com.sec.android.app.shealth,1581337109223,1581337109223,UTC-0500,2bedd37f-c9e6-c2c3-9aca-263ecef4ea58,,1581336960000,,hytsFLPcD3,
87.0,978de870-f294-421b-3638-e9e4479ae020.extra_data.json,,,0,,,1568105100000,com.sec.android.app.shealth,1568115092747,1568115092747,UTC-0400,978de870-f294-421b-3638-e9e4479ae020,,1568115000000,,hytsFLPcD3,
84.0,6bf01c82-abdd-8acc-d779-24c575068c14.extra_data.json,,,0,,,1570692960000,com.sec.android.app.shealth,1570708625625,1570708625625,UTC-0400,6bf01c82-abdd-8acc-d779-24c575068c14,,1570707660000,,hytsFLPcD3,
93.0,1e0b43b0-432c-c1da-65e3-349f91bec6e7.extra_data.json,,,0,,,1581855120000,com.sec.android.app.shealth,1581879688913,1581879688913,UTC-0500,1e0b43b0-432c-c1da-65e3-349f91bec6e7,,1581879600000,,hytsFLPcD3,
0.0,,,,,,50004,1552030800000,com.sec.android.app.shealth,1552064529782,1552064529782,UTC-0600,3626bab0-074e-4219-98ee-66f74eb320ec,,1552050600000,,eL5K8TBQJK,
88.0,366dc7be-5285-6fdb-e631-0e9d325ca7ea.extra_data.json,,,0,,,1582360680000,com.sec.android.app.shealth,1582397371022,1582397371022,UTC-0500,366dc7be-5285-6fdb-e631-0e9d325ca7ea,,1582396800000,,hytsFLPcD3,
75.0,7ee70046-b266-63e1-56b4-81fdafb7a774.extra_data.json,,,0,,,1578705600000,com.sec.android.app.shealth,1578709814633,1578709814633,UTC-0600,7ee70046-b266-63e1-56b4-81fdafb7a774,,1578709680000,,hytsFLPcD3,
85.0,fe4b9610-2193-e4e6-df6c-f4830c6c657c.extra_data.json,,,0,,,1583041860000,com.sec.android.app.shealth,1583078897782,1583078897782,UTC-0500,fe4b9610-2193-e4e6-df6c-f4830c6c657c,,1583078820000,,hytsFLPcD3,
72.0,25444fdd-6581-ac7b-0f52-3fec91649c16.extra_data.json,,,0,,,1571396520000,com.sec.android.app.shealth,1571398595878,1571398595878,UTC-0400,25444fdd-6581-ac7b-0f52-3fec91649c16,,1571398500000,,hytsFLPcD3,
83.0,0f6643b4-f8e6-2d4d-c3eb-b5d27884cc81.extra_data.json,,,0,,,1569318600000,com.sec.android.app.shealth,1569324531678,1569324531678,UTC-0400,0f6643b4-f8e6-2d4d-c3eb-b5d27884cc81,,1569324420000,,hytsFLPcD3,
0.0,,,,,,0,1549180200000,com.sec.android.app.shealth,1549213903050,1549213903050,UTC-0600,e841eba6-132e-4609-bcf1-f294523bbca1,,1549213200000,,eL5K8TBQJK,
93.0,3662afa8-0708-7607-6d4f-ce95fffca283.extra_data.json,,,0,,,1583392740000,com.sec.android.app.shealth,1583409857388,1583409857388,UTC-0500,3662afa8-0708-7607-6d4f-ce95fffca283,,1583409540000,,hytsFLPcD3,
86.0,6b692944-d0f6-7d0c-d155-ac8a42bfc37e.extra_data.json,,,0,,,1570426140000,com.sec.android.app.shealth,1570447350351,1570447350351,UTC-0400,6b692944-d0f6-7d0c-d155-ac8a42bfc37e,,1570446780000,,hytsFLPcD3,
83.0,46050241-eb25-ed0f-3ee9-2beae68ee67e.extra_data.json,,,0,,,1574755560000,com.sec.android.app.shealth,1574771669551,1574771669551,UTC-0500,46050241-eb25-ed0f-3ee9-2beae68ee67e,,1574771340000,,hytsFLPcD3,
78.0,521a9291-7ae0-8a19-a905-b8c78295cddb.extra_data.json,,,0,,,1583641800000,com.sec.android.app.shealth,1583650204119,1583650204119,UTC-0500,521a9291-7ae0-8a19-a905-b8c78295cddb,,1583649900000,,hytsFLPcD3,
90.0,2d1f23dd-35c1-5ccd-aca6-790a0fca132c.extra_data.json,,,0,,,1577355960000,com.sec.android.app.shealth,1577378438359,1577378438359,UTC-0600,2d1f23dd-35c1-5ccd-aca6-790a0fca132c,,1577378280000,,hytsFLPcD3,
87.0,d647ebe0-72a3-f320-f1b0-73b024712c78.extra_data.json,,,0,,,1578643140000,com.sec.android.app.shealth,1578673070669,1578673070669,UTC-0600,d647ebe0-72a3-f320-f1b0-73b024712c78,,1578672780000,,hytsFLPcD3,
86.0,682a86ef-eca0-c80e-5b3e-f780969cef17.extra_data.json,,,0,,,1583910120000,com.sec.android.app.shealth,1583928771581,1583928771581,UTC-0500,682a86ef-eca0-c80e-5b3e-f780969cef17,,1583928540000,,hytsFLPcD3,
88.0,533dc1bb-dbbe-2afd-5383-75ae0b95ba4c.extra_data.json,,,0,,,1565880900000,com.sec.android.app.shealth,1565889079373,1565889079373,UTC-0400,533dc1bb-dbbe-2afd-5383-75ae0b95ba4c,,1565888940000,,hytsFLPcD3,
82.0,6227460a-bcca-dcc7-b761-600c59f05518.extra_data.json,,,0,,,1574846220000,com.sec.android.app.shealth,1574870339062,1574870339062,UTC-0500,6227460a-bcca-dcc7-b761-600c59f05518,,1574870160000,,hytsFLPcD3,
0.0,,,,,,50003,1550648400000,com.sec.android.app.shealth,1550669789937,1550669789937,UTC-0600,32c868a5-15b5-4a02-919a-25ef0d6c1b53,,1550669400000,,eL5K8TBQJK,
85.0,ea668e19-1b2e-c48a-6b89-a50fe4114391.extra_data.json,,,0,,,1573547760000,com.sec.android.app.shealth,1573561776163,1573561776163,UTC-0500,ea668e19-1b2e-c48a-6b89-a50fe4114391,,1573561620000,,hytsFLPcD3,
72.0,fe56f6da-e324-d4bd-6963-e0b169e1bdc5.extra_data.json,,,0,,,1569522900000,com.sec.android.app.shealth,1569528226245,1569528226245,UTC-0400,fe56f6da-e324-d4bd-6963-e0b169e1bdc5,,1569528000000,,hytsFLPcD3,
93.0,99b750d0-5404-26de-5ed7-9a2dc01ec137.extra_data.json,,,0,,,1584642960000,com.sec.android.app.shealth,1584655116543,1584655116543,UTC-0600,99b750d0-5404-26de-5ed7-9a2dc01ec137,,1584654780000,,hytsFLPcD3,
85.0,361bf969-32de-027e-935b-195f42e5d5a3.extra_data.json,,,0,,,1571897280000,com.sec.android.app.shealth,1571917119065,1571917119065,UTC-0400,361bf969-32de-027e-935b-195f42e5d5a3,,1571916960000,,hytsFLPcD3,
57.0,de4639f6-37bd-2951-0682-06cc509bd7f6.extra_data.json,,,0,,,1575482340000,com.sec.android.app.shealth,1575488736427,1575488736427,UTC-0500,de4639f6-37bd-2951-0682-06cc509bd7f6,,1575488460000,,hytsFLPcD3,
92.0,82ab192b-e7ab-14fe-b69c-99f133838227.extra_data.json,,,0,,,1564298640000,com.sec.android.app.shealth,1564320069545,1564320069545,UTC-0400,82ab192b-e7ab-14fe-b69c-99f133838227,,1564319760000,,hytsFLPcD3,
85.0,f7b025ae-ea4e-2186-cf39-ca11fb356db3.extra_data.json,,,0,,,1584990240000,com.sec.android.app.shealth,1585000338684,1585000338684,UTC-0600,f7b025ae-ea4e-2186-cf39-ca11fb356db3,,1584999960000,,hytsFLPcD3,
77.0,b0a1c622-f872-d210-e521-7e3eecd6e880.extra_data.json,,,0,,,1573589520000,com.sec.android.app.shealth,1573595912468,1573595912468,UTC-0500,b0a1c622-f872-d210-e521-7e3eecd6e880,,1573595520000,,hytsFLPcD3,
88.0,3b318f79-da9a-d79e-fa96-9e610dffc25f.extra_data.json,,,0,,,1585477020000,com.sec.android.app.shealth,1585521992648,1585521992648,UTC-0600,3b318f79-da9a-d79e-fa96-9e610dffc25f,,1585494900000,,hytsFLPcD3,
89.0,02448154-e521-5df8-e668-339e1c17d720.extra_data.json,,,0,,,1579254060000,com.sec.android.app.shealth,1579284179101,1579284179101,UTC-0500,02448154-e521-5df8-e668-339e1c17d720,,1579283100000,,hytsFLPcD3,
80.0,eb4c33c0-6dba-100e-3935-7a463b956e16.extra_data.json,,,0,,,1569411840000,com.sec.android.app.shealth,1569417248805,1569417248805,UTC-0400,eb4c33c0-6dba-100e-3935-7a463b956e16,,1569417240000,,hytsFLPcD3,
87.0,f167dfe7-6e56-5adc-d94a-4a3c26f74531.extra_data.json,,,0,,,1585806300000,com.sec.android.app.shealth,1585832319482,1585832319482,UTC-0600,f167dfe7-6e56-5adc-d94a-4a3c26f74531,,1585832040000,,hytsFLPcD3,
92.0,d9b7e1d4-0f1c-3f67-f897-db394f578c97.extra_data.json,,,0,,,1579848600000,com.sec.android.app.shealth,1579868099568,1579868099568,UTC-0500,d9b7e1d4-0f1c-3f67-f897-db394f578c97,,1579867740000,,hytsFLPcD3,
89.0,fc73de9d-6dad-37cd-6b46-4496012e131f.extra_data.json,,,0,,,1586333940000,com.sec.android.app.shealth,1586365501568,1586365501568,UTC-0500,fc73de9d-6dad-37cd-6b46-4496012e131f,,1586365020000,,hytsFLPcD3,
94.0,aa17dfef-d9ab-5488-8a66-8fa806644ccf.extra_data.json,,,0,,,1580457720000,com.sec.android.app.shealth,1580472821040,1580472821040,UTC-0500,aa17dfef-d9ab-5488-8a66-8fa806644ccf,,1580472780000,,hytsFLPcD3,
88.0,aa70632e-a55d-07ec-4cee-ac91631bcf1a.extra_data.json,,,0,,,1564894800000,com.sec.android.app.shealth,1564929372239,1564929372239,UTC-0400,aa70632e-a55d-07ec-4cee-ac91631bcf1a,,1564929240000,,hytsFLPcD3,
85.0,5f1512f2-7d3d-33ca-3abe-316ae1c5993a.extra_data.json,,,0,,,1586743380000,com.sec.android.app.shealth,1586751021764,1586751021764,UTC-0500,5f1512f2-7d3d-33ca-3abe-316ae1c5993a,,1586750520000,,hytsFLPcD3,
78.0,d953c120-d7b4-a240-2ca5-4c27e0fbbb74.extra_data.json,,,0,,,1581020220000,com.sec.android.app.shealth,1581025503230,1581025503230,UTC-0500,d953c120-d7b4-a240-2ca5-4c27e0fbbb74,,1581024480000,,hytsFLPcD3,
92.0,06c2e796-a465-d695-bd50-285e47432384.extra_data.json,,,0,,,1587106260000,com.sec.android.app.shealth,1587125086498,1587125086498,UTC-0500,06c2e796-a465-d695-bd50-285e47432384,,1587124740000,,hytsFLPcD3,
56.0,a5b2979d-7c8d-a7ae-3ea0-727c76b93ecf.extra_data.json,,,0,,,1575943860000,com.sec.android.app.shealth,1575948636211,1575948636211,UTC-0500,a5b2979d-7c8d-a7ae-3ea0-727c76b93ecf,,1575948300000,,hytsFLPcD3,
91.0,90995ef6-dda2-3963-f889-c4c3b8fcf7a8.extra_data.json,,,0,,,1581398640000,com.sec.android.app.shealth,1581423576586,1581423576586,UTC-0500,90995ef6-dda2-3963-f889-c4c3b8fcf7a8,,1581423360000,,hytsFLPcD3,
89.0,e8d5aca4-0306-8944-2adb-17d363ba1985.extra_data.json,,,0,,,1587453540000,com.sec.android.app.shealth,1587470660361,1587470660361,UTC-0500,e8d5aca4-0306-8944-2adb-17d363ba1985,,1587470280000,,hytsFLPcD3,
88.0,5b681992-5871-55a1-4131-0e3ba9d42b5a.extra_data.json,,,0,,,1581928080000,com.sec.android.app.shealth,1581942236672,1581942236672,UTC-0500,5b681992-5871-55a1-4131-0e3ba9d42b5a,,1581942000000,,hytsFLPcD3,
89.0,1d4b8524-d5fe-28ed-fa11-5556496a0966.extra_data.json,,,0,,,1587883920000,com.sec.android.app.shealth,1587917377098,1587917377098,UTC-0500,1d4b8524-d5fe-28ed-fa11-5556496a0966,,1587916980000,,hytsFLPcD3,
91.0,576ebfb2-d2d1-df4c-6904-0bddfa9744e1.extra_data.json,,,0,,,1579339200000,com.sec.android.app.shealth,1579375842067,1579375842067,UTC-0500,576ebfb2-d2d1-df4c-6904-0bddfa9744e1,,1579374780000,,hytsFLPcD3,
81.0,dd563833-2de6-9e16-708d-2c37c1511fe4.extra_data.json,,,0,,,1582439820000,com.sec.android.app.shealth,1582473864596,1582473864596,UTC-0500,dd563833-2de6-9e16-708d-2c37c1511fe4,,1582473420000,,hytsFLPcD3,
89.0,16a9f69e-26d2-0535-48ae-016a9a95d829.extra_data.json,,,0,,,1588415760000,com.sec.android.app.shealth,1588441481933,1588441481933,UTC-0500,16a9f69e-26d2-0535-48ae-016a9a95d829,,1588440420000,,hytsFLPcD3,
90.0,a099ae75-42db-c0d6-e612-fcbf9b7a04d1.extra_data.json,,,0,,,1579941180000,com.sec.android.app.shealth,1579969774890,1579969774890,UTC-0500,a099ae75-42db-c0d6-e612-fcbf9b7a04d1,,1579969020000,,hytsFLPcD3,
92.0,f592ac20-f4b0-9aeb-1cea-f6d11bafaa12.extra_data.json,,,0,,,1580548020000,com.sec.android.app.shealth,1580568211595,1580568211595,UTC-0600,f592ac20-f4b0-9aeb-1cea-f6d11bafaa12,,1580567940000,,hytsFLPcD3,
91.0,202873a0-7455-fd88-38b8-7c16319661ce.extra_data.json,,,0,,,1583128200000,com.sec.android.app.shealth,1583133303322,1583133303322,UTC-0500,202873a0-7455-fd88-38b8-7c16319661ce,,1583132400000,,hytsFLPcD3,
85.0,254f18d9-53b1-13b9-f7b2-d8541736a4aa.extra_data.json,,,0,,,1588839600000,com.sec.android.app.shealth,1588860012295,1588860012295,UTC-0500,254f18d9-53b1-13b9-f7b2-d8541736a4aa,,1588859640000,,hytsFLPcD3,
90.0,bf10188b-0aba-07dd-e1ea-3a498c2b21dd.extra_data.json,,,0,,,1583453460000,com.sec.android.app.shealth,1583463255505,1583463255505,UTC-0500,bf10188b-0aba-07dd-e1ea-3a498c2b21dd,,1583463000000,,hytsFLPcD3,
91.0,e864e486-baa8-76ef-4d9d-fec575f4df79.extra_data.json,,,0,,,1581060540000,com.sec.android.app.shealth,1581078378767,1581078378767,UTC-0500,e864e486-baa8-76ef-4d9d-fec575f4df79,,1581078180000,,hytsFLPcD3,
88.0,ca57ec94-dcff-dbb2-bcb0-7ddcdcba2fdc.extra_data.json,,,0,,,1583655720000,com.sec.android.app.shealth,1583675058557,1583675058557,UTC-0500,ca57ec94-dcff-dbb2-bcb0-7ddcdcba2fdc,,1583674860000,,hytsFLPcD3,
91.0,839b386b-13d4-b313-a0ad-cc04ae8586af.extra_data.json,,,0,,,1581493020000,com.sec.android.app.shealth,1581511313548,1581511313548,UTC-0500,839b386b-13d4-b313-a0ad-cc04ae8586af,,1581511020000,,hytsFLPcD3,
90.0,c3084db4-73e9-b882-a4fc-345ef6995e8e.extra_data.json,,,0,,,1589183700000,com.sec.android.app.shealth,1589198930302,1589198930302,UTC-0500,c3084db4-73e9-b882-a4fc-345ef6995e8e,,1589198280000,,hytsFLPcD3,
89.0,3fb5ea19-620b-75c7-756a-048814772564.extra_data.json,,,0,,,1584084300000,com.sec.android.app.shealth,1584102915983,1584102915983,UTC-0500,3fb5ea19-620b-75c7-756a-048814772564,,1584101520000,,hytsFLPcD3,
89.0,07c7ef20-1989-2caf-cd14-82a2f42a77ab.extra_data.json,,,0,,,1582006860000,com.sec.android.app.shealth,1582028075650,1582028075650,UTC-0500,07c7ef20-1989-2caf-cd14-82a2f42a77ab,,1582027800000,,hytsFLPcD3,
89.0,d4270875-2115-6e49-16f7-eaddb69e2d1c.extra_data.json,,,0,,,1584685200000,com.sec.android.app.shealth,1584714304265,1584714304265,UTC-0600,d4270875-2115-6e49-16f7-eaddb69e2d1c,,1584714000000,,hytsFLPcD3,
90.0,ed0c476d-b2ef-fbf0-a0e9-fc88ee185461.extra_data.json,,,0,,,1582612080000,com.sec.android.app.shealth,1582633472669,1582633472669,UTC-0500,ed0c476d-b2ef-fbf0-a0e9-fc88ee185461,,1582633320000,,hytsFLPcD3,
88.0,4244df08-67ca-66c4-9018-ea5a968262b8.extra_data.json,,,0,,,1589609100000,com.sec.android.app.shealth,1589645375052,1589645375052,UTC-0500,4244df08-67ca-66c4-9018-ea5a968262b8,,1589644920000,,hytsFLPcD3,
90.0,3ae100a0-e4cd-5c50-c491-34f48b8eae6d.extra_data.json,,,0,,,1585037700000,com.sec.android.app.shealth,1585054469320,1585054469320,UTC-0600,3ae100a0-e4cd-5c50-c491-34f48b8eae6d,,1585054140000,,hytsFLPcD3,
87.0,9a037bdd-8b7a-a1d7-fb7d-94917d9c5168.extra_data.json,,,0,,,1583132460000,com.sec.android.app.shealth,1583152433630,1583152433630,UTC-0500,9a037bdd-8b7a-a1d7-fb7d-94917d9c5168,,1583151960000,,hytsFLPcD3,
90.0,ff5ad12b-19a7-7cef-c8ed-176703d44839.extra_data.json,,,0,,,1585561020000,com.sec.android.app.shealth,1585573421820,1585573421820,UTC-0600,ff5ad12b-19a7-7cef-c8ed-176703d44839,,1585573140000,,hytsFLPcD3,
94.0,241b0bd9-13d2-cbb2-ce39-4330e65bc5bd.extra_data.json,,,0,,,1583566260000,com.sec.android.app.shealth,1583583035762,1583583035762,UTC-0500,241b0bd9-13d2-cbb2-ce39-4330e65bc5bd,,1583582760000,,hytsFLPcD3,
85.0,9c4cbf1c-ec98-a109-a568-9c546065eaac.extra_data.json,,,0,,,1590132840000,com.sec.android.app.shealth,1590164401669,1590164401669,UTC-0500,9c4cbf1c-ec98-a109-a568-9c546065eaac,,1590164040000,,hytsFLPcD3,
77.0,39a1fefd-3ebb-e90e-9633-ac647acee778.extra_data.json,,,0,,,1585907340000,com.sec.android.app.shealth,1585930193273,1585930193273,UTC-0600,39a1fefd-3ebb-e90e-9633-ac647acee778,,1585929540000,,hytsFLPcD3,
89.0,936cdbf1-1681-78f6-e861-8337bec9af16.extra_data.json,,,0,,,1583679240000,com.sec.android.app.shealth,1583684759494,1583684759494,UTC-0500,936cdbf1-1681-78f6-e861-8337bec9af16,,1583684280000,,hytsFLPcD3,
87.0,c1b512fc-595b-29b7-c050-1b8f2a67a6fb.extra_data.json,,,0,,,1586426520000,com.sec.android.app.shealth,1586450639682,1586450639682,UTC-0500,c1b512fc-595b-29b7-c050-1b8f2a67a6fb,,1586450280000,,hytsFLPcD3,
91.0,ca0c815b-fd76-6876-b89f-f178228679f9.extra_data.json,,,0,,,1584254700000,com.sec.android.app.shealth,1584279097963,1584279097963,UTC-0500,ca0c815b-fd76-6876-b89f-f178228679f9,,1584278700000,,hytsFLPcD3,
86.0,6ddba513-8951-355b-2c03-10305ec6d76f.extra_data.json,,,0,,,1590646380000,com.sec.android.app.shealth,1590679777347,1590679777347,UTC-0500,6ddba513-8951-355b-2c03-10305ec6d76f,,1590679320000,,hytsFLPcD3,
90.0,4934d8de-244a-9d2c-9d22-3237bbbeceb4.extra_data.json,,,0,,,1586765820000,com.sec.android.app.shealth,1586779247502,1586779247502,UTC-0500,4934d8de-244a-9d2c-9d22-3237bbbeceb4,,1586778840000,,hytsFLPcD3,
87.0,28a8c057-8fc1-a91c-348c-1d5a8c69c818.extra_data.json,,,0,,,1584747360000,com.sec.android.app.shealth,1584762643360,1584762643360,UTC-0600,28a8c057-8fc1-a91c-348c-1d5a8c69c818,,1584762300000,,hytsFLPcD3,
91.0,a9a1a79a-020f-9623-7d51-448398f37c6a.extra_data.json,,,0,,,1587234360000,com.sec.android.app.shealth,1587244400526,1587244400526,UTC-0500,a9a1a79a-020f-9623-7d51-448398f37c6a,,1587244080000,,hytsFLPcD3,
91.0,65bd1419-eab7-f560-fbaa-f233125a3523.extra_data.json,,,0,,,1585116060000,com.sec.android.app.shealth,1585139483673,1585139483673,UTC-0600,65bd1419-eab7-f560-fbaa-f233125a3523,,1585139400000,,hytsFLPcD3,
93.0,6b811a15-77b4-577c-9d8c-3faba9296222.extra_data.json,,,0,,,1591049220000,com.sec.android.app.shealth,1591060481134,1591060481134,UTC-0500,6b811a15-77b4-577c-9d8c-3faba9296222,,1591059420000,,hytsFLPcD3,
89.0,fddc7e99-ccaf-c387-9e21-47de236f219f.extra_data.json,,,0,,,1585588200000,com.sec.android.app.shealth,1585594192790,1585594192790,UTC-0600,fddc7e99-ccaf-c387-9e21-47de236f219f,,1585593780000,,hytsFLPcD3,
88.0,9964397c-a2b5-15fd-0cc1-e698390b16a4.extra_data.json,,,0,,,1587536040000,com.sec.android.app.shealth,1587557002924,1587557002924,UTC-0500,9964397c-a2b5-15fd-0cc1-e698390b16a4,,1587556320000,,hytsFLPcD3,
84.0,fa5b5896-e426-5c86-52fb-ca243d14a6dc.extra_data.json,,,0,,,1591383540000,com.sec.android.app.shealth,1591391190508,1591391190508,UTC-0500,fa5b5896-e426-5c86-52fb-ca243d14a6dc,,1591390860000,,hytsFLPcD3,
90.0,21e1d8f7-732f-607c-ebc6-7cc9cf2baf88.extra_data.json,,,0,,,1585988820000,com.sec.android.app.shealth,1586020499678,1586020499678,UTC-0600,21e1d8f7-732f-607c-ebc6-7cc9cf2baf88,,1586020260000,,hytsFLPcD3,
83.0,65c875e7-33be-46ab-2bc8-85d755cad68b.extra_data.json,,,0,,,1587970920000,com.sec.android.app.shealth,1587988799571,1587988799571,UTC-0500,65c875e7-33be-46ab-2bc8-85d755cad68b,,1587988440000,,hytsFLPcD3,
93.0,53504dd0-7800-5cb0-c6b8-cfd1f5c6c1ec.extra_data.json,,,0,,,1586452140000,com.sec.android.app.shealth,1586466821530,1586466821530,UTC-0500,53504dd0-7800-5cb0-c6b8-cfd1f5c6c1ec,,1586466420000,,hytsFLPcD3,
85.0,ca8d2686-8549-716e-96ea-b9c1fff1002d.extra_data.json,,,0,,,1588486980000,com.sec.android.app.shealth,1588524223609,1588524223609,UTC-0500,ca8d2686-8549-716e-96ea-b9c1fff1002d,,1588523940000,,hytsFLPcD3,
93.0,2009830b-2332-ecf6-ffb3-90724138f7fd.extra_data.json,,,0,,,1591699320000,com.sec.android.app.shealth,1591707875548,1591707875548,UTC-0500,2009830b-2332-ecf6-ffb3-90724138f7fd,,1591707540000,,hytsFLPcD3,
90.0,eabd94c0-ea5d-2f9e-9285-a82b926b120e.extra_data.json,,,0,,,1586794980000,com.sec.android.app.shealth,1586808829528,1586808829528,UTC-0500,eabd94c0-ea5d-2f9e-9285-a82b926b120e,,1586808720000,,hytsFLPcD3,
89.0,e861e637-a0e4-8131-f845-8c93dc2e9436.extra_data.json,,,0,,,1588923540000,com.sec.android.app.shealth,1588939734395,1588939734395,UTC-0500,e861e637-a0e4-8131-f845-8c93dc2e9436,,1588938540000,,hytsFLPcD3,
85.0,f45623c4-29d8-1a72-cb31-4903f517041b.extra_data.json,,,0,,,1587285060000,com.sec.android.app.shealth,1587318212362,1587318212362,UTC-0500,f45623c4-29d8-1a72-cb31-4903f517041b,,1587318060000,,hytsFLPcD3,
87.0,d17952bd-f70e-9228-54c8-f57282ac1b4e.extra_data.json,,,0,,,1589214900000,com.sec.android.app.shealth,1589229087626,1589229087626,UTC-0500,d17952bd-f70e-9228-54c8-f57282ac1b4e,,1589228700000,,hytsFLPcD3,
81.0,acfa35ce-d24b-72bd-dc40-57305194b645.extra_data.json,,,0,,,1591972560000,com.sec.android.app.shealth,1591988078694,1591988078694,UTC-0500,acfa35ce-d24b-72bd-dc40-57305194b645,,1591987740000,,hytsFLPcD3,
86.0,869f826d-5bec-051b-3a63-05481963a2d8.extra_data.json,,,0,,,1587625860000,com.sec.android.app.shealth,1587650307084,1587650307084,UTC-0500,869f826d-5bec-051b-3a63-05481963a2d8,,1587650100000,,hytsFLPcD3,
86.0,c62d9bed-eb5b-87b6-3973-10f13e1bb7e2.extra_data.json,,,0,,,1588047060000,com.sec.android.app.shealth,1588080763752,1588080763752,UTC-0500,c62d9bed-eb5b-87b6-3973-10f13e1bb7e2,,1588080600000,,hytsFLPcD3,
85.0,8d26b33e-2c2b-69e7-331a-c9de13692feb.extra_data.json,,,0,,,1589697840000,com.sec.android.app.shealth,1589731566580,1589731566580,UTC-0500,8d26b33e-2c2b-69e7-331a-c9de13692feb,,1589731560000,,hytsFLPcD3,
85.0,2dfb88c5-e79c-3cb4-2151-1214d4378c77.extra_data.json,,,0,,,1588580340000,com.sec.android.app.shealth,1588593273272,1588593273272,UTC-0500,2dfb88c5-e79c-3cb4-2151-1214d4378c77,,1588592940000,,hytsFLPcD3,
83.0,57e72874-8d40-2841-e3f5-926f80e19fd1.extra_data.json,,,0,,,1590226020000,com.sec.android.app.shealth,1590252524454,1590252524454,UTC-0500,57e72874-8d40-2841-e3f5-926f80e19fd1,,1590252240000,,hytsFLPcD3,
88.0,ab9768bb-8ad0-ee6a-88a4-a7a66f662e9e.extra_data.json,,,0,,,1588964760000,com.sec.android.app.shealth,1588969228594,1588969228594,UTC-0500,ab9768bb-8ad0-ee6a-88a4-a7a66f662e9e,,1588968960000,,hytsFLPcD3,
83.0,696921d1-d2f8-f042-51e7-dc157dbd08cf.extra_data.json,,,0,,,1590737700000,com.sec.android.app.shealth,1590766910639,1590766910639,UTC-0500,696921d1-d2f8-f042-51e7-dc157dbd08cf,,1590766800000,,hytsFLPcD3,
83.0,380e5208-3447-dbff-48d6-03e20917db78.extra_data.json,,,0,,,1589270160000,com.sec.android.app.shealth,1589292914314,1589292914314,UTC-0500,380e5208-3447-dbff-48d6-03e20917db78,,1589291760000,,hytsFLPcD3,
85.0,b5b8fe7e-d8f6-b694-5cf7-804db8b3ba83.extra_data.json,,,0,,,1591085400000,com.sec.android.app.shealth,1591116075929,1591116075929,UTC-0500,b5b8fe7e-d8f6-b694-5cf7-804db8b3ba83,,1591115820000,,hytsFLPcD3,
86.0,1269df23-cb0d-7586-914f-9f27b9832b58.extra_data.json,,,1,,,1591439640000,com.sec.android.app.shealth,1591467778917,1591467778917,UTC-0500,1269df23-cb0d-7586-914f-9f27b9832b58,,1591467720000,,hytsFLPcD3,
89.0,af736e0f-84ef-f9fe-0671-1fe416ffa7b9.extra_data.json,,,0,,,1591708140000,com.sec.android.app.shealth,1591713729543,1591713729543,UTC-0500,af736e0f-84ef-f9fe-0671-1fe416ffa7b9,,1591712580000,,hytsFLPcD3,
86.0,36dd3a89-4aa2-3042-c268-a2f9af883b7a.extra_data.json,,,0,,,1589782080000,com.sec.android.app.shealth,1589802940539,1589802940539,UTC-0500,36dd3a89-4aa2-3042-c268-a2f9af883b7a,,1589802660000,,hytsFLPcD3,
92.0,fd6aad2e-b7ef-0c9e-a34c-2a4bfb0292f8.extra_data.json,,,0,,,1592041260000,com.sec.android.app.shealth,1592059637067,1592059637067,UTC-0500,fd6aad2e-b7ef-0c9e-a34c-2a4bfb0292f8,,1592059500000,,hytsFLPcD3,
85.0,02ff951f-2276-27ab-1751-fc1531382bd3.extra_data.json,,,0,,,1590303540000,com.sec.android.app.shealth,1590336112634,1590336112634,UTC-0500,02ff951f-2276-27ab-1751-fc1531382bd3,,1590335760000,,hytsFLPcD3,
79.0,bd9db661-2ef7-6e71-26ca-44b689c648ad.extra_data.json,,,0,,,1590767160000,com.sec.android.app.shealth,1590779908801,1590779908801,UTC-0500,bd9db661-2ef7-6e71-26ca-44b689c648ad,,1590779700000,,hytsFLPcD3,
94.0,af7afdc8-c7dd-7b67-dd1d-37129a6a4b9d.extra_data.json,,,0,,,1591173960000,com.sec.android.app.shealth,1591186348582,1591186348582,UTC-0500,af7afdc8-c7dd-7b67-dd1d-37129a6a4b9d,,1591185300000,,hytsFLPcD3,
92.0,b159fdbf-29cd-62c6-2d45-207afd41c0cf.extra_data.json,,,0,,,1591514940000,com.sec.android.app.shealth,1591535081312,1591535081312,UTC-0500,b159fdbf-29cd-62c6-2d45-207afd41c0cf,,1591534740000,,hytsFLPcD3,
87.0,bf0288c7-28a1-27c8-e0b2-891fdf7d8d8f.extra_data.json,,,0,,,1591757220000,com.sec.android.app.shealth,1591762128186,1591762128186,UTC-0500,bf0288c7-28a1-27c8-e0b2-891fdf7d8d8f,,1591761840000,,hytsFLPcD3,
92.0,19007573-b101-1e99-efb2-b9285d333169.extra_data.json,,,1,,,1592115180000,com.sec.android.app.shealth,1592132919489,1592132919489,UTC-0500,19007573-b101-1e99-efb2-b9285d333169,,1592132640000,,hytsFLPcD3,
