com.samsung.shealth.stand_day_summary,6100041,1
pkg_name,update_time,stand_time,create_time,datauuid,day_time,deviceuuid
com.sec.android.app.shealth,2019-11-18 00:56:18.312,346112,2019-11-17 06:00:10.074,8913c779-49cf-29c9-dee3-5a36dd3ebe88,1573948800000,hytsFLPcD3,
com.sec.android.app.shealth,2019-12-24 03:48:54.339,1582089,2019-12-23 07:00:10.024,5d0d90ce-9a75-8c24-b90b-b42948a06e99,1577059200000,hytsFLPcD3,
com.sec.android.app.shealth,2019-09-11 02:12:53.334,2621440,2019-09-10 08:44:46.609,cabb73f7-3caa-3c4c-bdad-14736437e088,1568073600000,hytsFLPcD3,
com.sec.android.app.shealth,2019-09-28 01:55:56.274,1318912,2019-09-27 05:00:11.858,64fbe4c6-4bb6-ae80-d220-83690ad0c9cf,1569542400000,hytsFLPcD3,
com.sec.android.app.shealth,2020-01-01 06:17:51.346,8388608,2019-12-31 07:00:03.969,6b938d3a-7f35-67b3-5d8a-1616629e5fb9,1577750400000,hytsFLPcD3,
com.sec.android.app.shealth,2019-09-15 06:00:06.769,0,2019-09-15 06:00:06.769,fbe3e77d-7bc0-01b6-640d-5c2053e73686,1568505600000,hytsFLPcD3,
com.sec.android.app.shealth,2019-09-18 03:18:08.352,4272128,2019-09-17 06:00:04.050,5b88153e-6a1d-b770-f651-02c3952f2eac,1568678400000,hytsFLPcD3,
com.sec.android.app.shealth,2019-10-24 20:49:10.291,38144,2019-10-24 05:00:05.233,47702c72-cd02-cc64-79eb-b8e8f4e81c1d,1571875200000,hytsFLPcD3,
com.sec.android.app.shealth,2019-11-05 10:10:15.250,12,2019-11-05 07:00:18.587,70677f1f-deb8-0f82-7d7c-39fc67e9953e,1572912000000,hytsFLPcD3,
com.sec.android.app.shealth,2019-10-16 04:50:25.364,9830400,2019-10-15 05:15:21.263,2c5aab84-0df8-cba1-c8ff-09585ee9c354,1571097600000,hytsFLPcD3,
com.sec.android.app.shealth,2019-09-19 01:21:19.265,1184770,2019-09-18 05:00:07.090,abb4a52e-44a9-f623-71f6-a3b2bfa2c16c,1568764800000,hytsFLPcD3,
com.sec.android.app.shealth,2019-10-15 01:25:01.908,1420034,2019-10-14 05:00:15.604,dcca83c6-b339-51d3-4919-5d7c70d23657,1571011200000,hytsFLPcD3,
com.sec.android.app.shealth,2019-09-08 21:10:34.428,81956,2019-09-08 05:01:15.594,9ef8b462-20b3-8986-999d-bbbfccb8aabd,1567900800000,hytsFLPcD3,
com.sec.android.app.shealth,2019-10-02 01:55:17.400,1064961,2019-10-01 05:00:26.940,ff7164f8-36a0-f419-ef10-fdd247cc665f,1569888000000,hytsFLPcD3,
com.sec.android.app.shealth,2019-10-25 23:04:17.082,300288,2019-10-25 05:00:05.839,b8a3c736-44d1-3b34-1a76-18c1d795020d,1571961600000,hytsFLPcD3,
com.sec.android.app.shealth,2019-12-10 05:22:30.378,8407296,2019-12-09 06:00:17.302,4c54048a-250a-4bcc-b0ce-c1c89157bfd5,1575849600000,hytsFLPcD3,
com.sec.android.app.shealth,2019-08-29 01:33:03.333,1349122,2019-08-28 05:00:20.731,9dc21d13-6c34-7524-9dc9-20cef624c7da,1566950400000,hytsFLPcD3,
com.sec.android.app.shealth,2019-08-31 02:32:28.978,3497984,2019-08-30 05:00:45.554,4e726922-49c9-b9c9-84ef-33db73e16725,1567123200000,hytsFLPcD3,
com.sec.android.app.shealth,2019-11-02 04:32:41.297,5406720,2019-11-01 06:02:11.557,0913fb9b-45f1-ec00-1435-964b931f6e14,1572566400000,hytsFLPcD3,
com.sec.android.app.shealth,2019-11-12 23:24:13.325,135424,2019-11-12 06:00:13.766,ce6c7fdb-5936-ab7e-d4f7-eded31f36caf,1573516800000,hytsFLPcD3,
com.sec.android.app.shealth,2019-09-15 05:45:06.331,8536064,2019-09-14 05:00:05.380,3f61f25c-ff6c-7f2d-6bfc-52f464d79047,1568419200000,hytsFLPcD3,
com.sec.android.app.shealth,2020-01-12 02:36:09.289,589825,2020-01-11 07:03:46.812,dbbe6972-4588-d388-7630-8afbd255ddf0,1578700800000,hytsFLPcD3,
com.sec.android.app.shealth,2019-11-24 01:55:34.283,557060,2019-11-23 06:04:17.683,6ee9b310-15cb-1c15-37c7-f2b7dd5f051d,1574467200000,hytsFLPcD3,
com.sec.android.app.shealth,2019-09-12 01:14:43.260,1381888,2019-09-11 13:09:28.257,0cfbe1dc-386b-8574-0e55-697ee7c7d6b9,1568160000000,hytsFLPcD3,
com.sec.android.app.shealth,2019-10-14 04:47:06.359,8914944,2019-10-13 05:00:26.395,a0de3b5c-9274-dc58-402d-d9dadc14afb0,1570924800000,hytsFLPcD3,
com.sec.android.app.shealth,2019-08-05 21:35:56.342,65536,2019-08-05 05:00:10.254,51fd7008-2ca2-90a6-8985-13bc08c4b7df,1564963200000,hytsFLPcD3,
com.sec.android.app.shealth,2019-08-27 04:07:41.366,9721088,2019-08-26 05:00:11.627,a62304c5-0097-a42f-23c8-1f4a9de6a03a,1566777600000,hytsFLPcD3,
com.sec.android.app.shealth,2019-10-18 00:51:48.280,925952,2019-10-17 05:00:04.686,6c132d84-102d-8210-00e0-73a057bc865e,1571270400000,hytsFLPcD3,
com.sec.android.app.shealth,2019-08-20 01:31:35.288,1398016,2019-08-19 05:00:14.717,4ff6d8e2-3d14-a7f7-7d11-5a92eeb9a621,1566172800000,hytsFLPcD3,
com.sec.android.app.shealth,2019-11-19 03:37:40.213,2490368,2019-11-18 06:00:13.822,777dd2ff-9ed4-834b-e8b5-39c043cc0d5c,1574035200000,hytsFLPcD3,
com.sec.android.app.shealth,2019-12-11 03:48:26.296,3489792,2019-12-10 06:00:48.374,343714d4-b884-e96f-2bbd-7895b805c682,1575936000000,hytsFLPcD3,
com.sec.android.app.shealth,2020-01-10 06:46:26.897,9781248,2020-01-09 07:02:44.539,0a11b643-7954-6549-464f-c684d57d7bc6,1578528000000,hytsFLPcD3,
com.sec.android.app.shealth,2019-08-23 01:54:44.228,1738496,2019-08-22 05:00:11.576,57b47201-1987-e26f-cf1f-d1ca5af07c9e,1566432000000,hytsFLPcD3,
com.sec.android.app.shealth,2019-11-23 03:15:53.263,2893830,2019-11-22 06:00:30.993,d114a39e-dd9b-36f8-e9e7-0edee0667e05,1574380800000,hytsFLPcD3,
com.sec.android.app.shealth,2019-07-31 23:27:51.334,278531,2019-07-31 05:00:04.681,77f9426c-d110-88a3-d097-2801f47fbd7b,1564531200000,hytsFLPcD3,
com.sec.android.app.shealth,2019-10-29 02:06:06.249,1316096,2019-10-28 06:00:18.742,b73aeb8f-7bbe-48cb-d5ea-88b1816615ee,1572220800000,hytsFLPcD3,
com.sec.android.app.shealth,2019-09-21 03:44:02.278,7131392,2019-09-20 05:01:02.500,3229ef3a-cf91-945f-fc41-bb9c38dea9f3,1568937600000,hytsFLPcD3,
com.sec.android.app.shealth,2019-07-20 04:16:02.313,4194304,2019-07-19 19:46:49.978,5d18398f-7c16-3f0b-fb4a-e672eff5ec8d,1563494400000,hytsFLPcD3,
com.sec.android.app.shealth,2019-07-24 05:03:08.278,9109506,2019-07-23 06:00:04.560,bb949e13-c104-a82f-b22f-7c8781f4abef,1563840000000,hytsFLPcD3,
com.sec.android.app.shealth,2019-11-26 05:19:52.353,8658952,2019-11-25 06:00:06.134,4b1b01b9-0b49-10f3-3817-162b4b521dc4,1574640000000,hytsFLPcD3,
com.sec.android.app.shealth,2020-01-12 20:16:56.314,8193,2020-01-12 07:00:08.332,25fdb576-2bcd-70cc-e7db-9cfef55d5733,1578787200000,hytsFLPcD3,
com.sec.android.app.shealth,2019-12-27 06:03:44.260,8388608,2019-12-26 07:00:06.736,cf1c337d-2090-ee31-6f01-cd8c9b998535,1577318400000,hytsFLPcD3,
com.sec.android.app.shealth,2019-12-03 00:05:42.273,262145,2019-12-02 06:00:17.998,2dd9b155-27c5-0ad8-9402-a5adfdca3912,1575244800000,hytsFLPcD3,
com.sec.android.app.shealth,2019-10-30 22:06:52.394,70656,2019-10-30 06:00:05.383,e58c8ec4-c16b-988f-7baa-5aa1874ea08e,1572393600000,hytsFLPcD3,
com.sec.android.app.shealth,2019-07-26 00:08:31.281,525312,2019-07-25 05:00:03.792,e1d5c966-3b54-350a-408c-bc9e90910d12,1564012800000,hytsFLPcD3,
com.sec.android.app.shealth,2019-09-24 01:13:27.299,1398032,2019-09-23 05:00:11.952,480bbe94-fbde-a5e0-91fb-7710d2b00761,1569196800000,hytsFLPcD3,
com.sec.android.app.shealth,2019-12-20 04:38:02.268,2164740,2019-12-19 07:00:13.610,831e3418-95c6-7d4b-5b54-e7e58ca2d5ba,1576713600000,hytsFLPcD3,
com.sec.android.app.shealth,2019-12-01 23:57:59.369,185344,2019-12-01 06:00:03.896,2d2367cc-f0f3-1754-fd8e-8a68df0c5e13,1575158400000,hytsFLPcD3,
com.sec.android.app.shealth,2020-01-15 06:00:03.536,0,2020-01-15 06:00:03.536,32e79b4d-2acb-aabc-46cd-761b5ad3c177,1579046400000,hytsFLPcD3,
com.sec.android.app.shealth,2019-08-18 02:00:06.327,2162690,2019-08-17 05:00:05.079,f25853fb-0dc1-a1d9-ecb4-fce6f497f787,1566000000000,hytsFLPcD3,
com.sec.android.app.shealth,2020-01-22 03:36:18.301,2168064,2020-01-21 06:00:08.326,70b6b431-3838-5659-e5df-9bab0e343c4a,1579564800000,hytsFLPcD3,
com.sec.android.app.shealth,2020-01-28 00:04:09.314,265473,2020-01-27 06:00:28.447,a442b6af-edd5-4255-50a0-90b8ca4f086c,1580083200000,hytsFLPcD3,
com.sec.android.app.shealth,2020-01-14 02:33:24.336,1064961,2020-01-13 06:40:24.394,eca6de42-448d-0424-b6c3-037c3de779cf,1578873600000,hytsFLPcD3,
com.sec.android.app.shealth,2020-02-03 01:30:23.286,262146,2020-02-02 07:00:06.366,7b84c97e-c765-801a-a908-9273b73f2d68,1580601600000,hytsFLPcD3,
com.sec.android.app.shealth,2019-12-24 23:59:43.562,69632,2019-12-24 07:00:27.917,cb4038c8-bf62-2328-57ee-735557a47257,1577145600000,hytsFLPcD3,
com.sec.android.app.shealth,2020-02-09 05:50:22.487,8392708,2020-02-08 06:00:03.377,09d7471d-9ac5-f08b-183c-a659dd91d04b,1581120000000,hytsFLPcD3,
com.sec.android.app.shealth,2019-09-26 17:32:43.558,4352,2019-09-26 05:00:04.897,2477e5f4-9683-7c24-1c30-260d096f7416,1569456000000,hytsFLPcD3,
com.sec.android.app.shealth,2020-02-15 05:25:17.122,8729344,2020-02-14 06:00:14.086,cdf87b36-e6c4-ba99-8f8e-9334955d3347,1581638400000,hytsFLPcD3,
com.sec.android.app.shealth,2019-10-20 03:57:05.252,4456960,2019-10-19 05:00:17.905,01a9ebfa-645f-de64-1c5b-14a01b936ddd,1571443200000,hytsFLPcD3,
com.sec.android.app.shealth,2020-02-21 01:20:28.457,599296,2020-02-20 06:00:04.820,41cd3275-e8f4-6e6e-40eb-47cb859abb81,1582156800000,hytsFLPcD3,
com.sec.android.app.shealth,2020-02-27 05:45:05.332,8530688,2020-02-26 06:00:10.906,26e5241d-e560-0bb1-d96e-81858431a18d,1582675200000,hytsFLPcD3,
com.sec.android.app.shealth,2020-03-03 23:35:17.361,169216,2020-03-03 06:00:14.383,78be0be4-7b65-d741-7054-edcafdf98207,1583193600000,hytsFLPcD3,
com.sec.android.app.shealth,2019-08-07 01:27:41.924,1052674,2019-08-06 05:00:16.906,75c4022b-4505-7616-72bd-a3b1bd5f1ed9,1565049600000,hytsFLPcD3,
com.sec.android.app.shealth,2020-03-10 02:09:33.284,1379072,2020-03-09 06:00:04.529,95d4a1c3-c966-d200-4c6b-8a72b665cc23,1583712000000,hytsFLPcD3,
com.sec.android.app.shealth,2019-10-11 03:00:22.301,4718593,2019-10-10 05:00:06.753,fdd297f4-5578-8c43-6527-078042f30b36,1570665600000,hytsFLPcD3,
com.sec.android.app.shealth,2020-03-16 01:34:53.336,528384,2020-03-15 06:00:14.020,dafb3ac3-1015-9ece-4d03-3fa25a755c66,1584230400000,hytsFLPcD3,
com.sec.android.app.shealth,2020-03-21 07:00:14.652,0,2020-03-21 07:00:14.652,3aea5ef9-9ce3-c32c-bca9-32cd64cfdd51,1584748800000,hytsFLPcD3,
com.sec.android.app.shealth,2019-12-23 00:09:44.285,139264,2019-12-22 07:04:22.022,1a8d0181-a7cf-4b24-86bd-955e825fd178,1576972800000,hytsFLPcD3,
com.sec.android.app.shealth,2020-03-28 04:34:45.228,3579904,2020-03-27 07:00:09.986,942423f9-6906-5f3e-1857-991b579de0ba,1585267200000,hytsFLPcD3,
com.sec.android.app.shealth,2020-04-03 04:31:55.325,2785280,2020-04-02 07:00:06.309,6d5024f2-e738-1eaa-e35a-777836f3394d,1585785600000,hytsFLPcD3,
com.sec.android.app.shealth,2020-04-09 04:19:11.509,5525504,2020-04-08 06:00:04.295,e86be90b-f30a-c945-698d-5381508fae11,1586304000000,hytsFLPcD3,
com.sec.android.app.shealth,2019-11-09 03:21:07.279,2367488,2019-11-08 06:00:26.423,521eb94b-2b75-7259-2a86-1d0aec8a362f,1573171200000,hytsFLPcD3,
com.sec.android.app.shealth,2020-04-15 03:50:52.313,3713026,2020-04-14 06:00:06.442,b5b064ed-1720-40ed-5f45-9450c9ff035b,1586822400000,hytsFLPcD3,
com.sec.android.app.shealth,2020-04-21 05:10:42.446,10748932,2020-04-20 06:00:11.716,70b18dfa-57c9-81c1-a25d-873b1480ad67,1587340800000,hytsFLPcD3,
com.sec.android.app.shealth,2020-04-27 05:21:23.307,10485760,2020-04-26 06:00:07.757,8ca24bb9-3aea-5c1a-1aea-ee308214ae04,1587859200000,hytsFLPcD3,
com.sec.android.app.shealth,2019-12-08 03:40:44.178,3276800,2019-12-07 06:00:04.667,ce3e094e-8e8c-320d-4620-8b0d892b4e04,1575676800000,hytsFLPcD3,
com.sec.android.app.shealth,2019-08-03 04:42:41.285,8388609,2019-08-02 05:00:06.702,1173c3be-2952-4c4c-d324-d248e5998986,1564704000000,hytsFLPcD3,
com.sec.android.app.shealth,2020-05-03 05:48:25.348,14811137,2020-05-02 06:00:16.503,c2ba729e-94cb-0fa1-52f1-7a38af7688ff,1588377600000,hytsFLPcD3,
com.sec.android.app.shealth,2020-05-09 05:14:42.383,10895873,2020-05-08 06:00:13.675,e1035fbc-a0ab-b6d2-34b5-83688d516e5a,1588896000000,hytsFLPcD3,
com.sec.android.app.shealth,2019-11-21 02:13:14.327,1353728,2019-11-20 15:46:31.488,f7b2b10e-cff7-e01d-0753-1d3868ae3119,1574208000000,hytsFLPcD3,
com.sec.android.app.shealth,2019-10-26 05:00:34.163,0,2019-10-26 05:00:34.163,9440d754-38ae-4a58-d1ff-735402d67d82,1572048000000,hytsFLPcD3,
com.sec.android.app.shealth,2019-11-05 06:04:41.264,8396800,2019-11-04 07:01:04.406,0d0a81ca-9cb5-100c-bc3a-7bc24214116c,1572825600000,hytsFLPcD3,
com.sec.android.app.shealth,2020-05-14 20:41:19.370,18944,2020-05-14 06:00:04.935,36fbf735-eb7a-51f6-d8a6-3fe4e6e8870a,1589414400000,hytsFLPcD3,
com.sec.android.app.shealth,2020-01-04 04:12:07.303,2097156,2020-01-03 07:02:06.778,3ab0ffd8-4615-6f91-c53a-a9aaac205c2d,1578009600000,hytsFLPcD3,
com.sec.android.app.shealth,2019-12-21 00:32:54.225,131078,2019-12-20 07:00:18.431,eda42dfd-0d3e-02d6-5610-73d5a30de333,1576800000000,hytsFLPcD3,
com.sec.android.app.shealth,2020-05-21 02:19:53.375,1135616,2020-05-20 06:00:05.074,c0abed3f-bad4-4274-a8cc-ca4c8ba61932,1589932800000,hytsFLPcD3,
com.sec.android.app.shealth,2020-01-09 06:28:36.784,13238273,2020-01-08 07:00:14.515,369eb328-bce6-8de7-247c-111db6e7f6e7,1578441600000,hytsFLPcD3,
com.sec.android.app.shealth,2020-01-15 03:31:09.406,3145728,2020-01-14 23:51:42.251,820ef8e6-cbd3-82f9-8e67-4813adcecdb4,1578960000000,hytsFLPcD3,
com.sec.android.app.shealth,2019-10-10 01:00:55.315,1332224,2019-10-09 05:00:12.935,577742a0-003b-09bd-bd13-55185e4465ef,1570579200000,hytsFLPcD3,
com.sec.android.app.shealth,2020-01-21 02:49:26.270,1872512,2020-01-20 06:00:07.202,264c6291-0de6-3665-ae35-23e39ae5e3b9,1579478400000,hytsFLPcD3,
com.sec.android.app.shealth,2020-05-27 01:56:50.391,688128,2020-05-26 06:00:10.025,12fa180d-0a9a-9961-4933-2915b3e7eab5,1590451200000,hytsFLPcD3,
com.sec.android.app.shealth,2019-10-22 18:09:46.839,8448,2019-10-22 05:00:10.407,83c9ec78-8308-d6bf-d8c6-6c87eefbb6e5,1571702400000,hytsFLPcD3,
com.sec.android.app.shealth,2020-01-27 02:56:58.392,1056768,2020-01-26 06:00:10.294,7600a66d-504e-271b-776b-9d47f619578d,1579996800000,hytsFLPcD3,
com.sec.android.app.shealth,2020-02-02 05:20:49.301,5898240,2020-02-01 06:00:13.141,96a8ed53-067a-756e-2a97-b6284810377c,1580515200000,hytsFLPcD3,
com.sec.android.app.shealth,2020-06-02 05:30:26.584,8401024,2020-06-01 06:00:14.334,cee5fd11-4531-1e3e-5f26-7be211e30bd8,1590969600000,hytsFLPcD3,
com.sec.android.app.shealth,2020-02-08 01:05:13.376,872704,2020-02-07 06:00:13.422,d4eb26de-86c5-8dd5-c324-9d17d2403060,1581033600000,hytsFLPcD3,
com.sec.android.app.shealth,2019-07-31 01:24:54.747,4,2019-07-30 05:00:04.966,8b9111d3-8258-75a5-0294-2c704500a059,1564444800000,hytsFLPcD3,
com.sec.android.app.shealth,2020-02-14 05:41:33.301,8526080,2020-02-13 06:00:05.015,5ca3ef0c-b047-5a05-6143-ccdf17d238fd,1581552000000,hytsFLPcD3,
com.sec.android.app.shealth,2020-02-20 03:02:27.308,2459904,2020-02-19 06:00:11.550,63c29f14-9874-28d7-cb56-bd6a990cbaa0,1582070400000,hytsFLPcD3,
com.sec.android.app.shealth,2020-06-08 04:06:17.315,4816896,2020-06-07 06:00:07.633,b6b6722e-411d-3288-7394-e1a1c2956acc,1591488000000,hytsFLPcD3,
com.sec.android.app.shealth,2019-11-16 05:04:14.343,8521729,2019-11-15 06:00:10.139,a1a51dd6-946e-5528-1e41-0f6dcb3bc5b6,1573776000000,hytsFLPcD3,
com.sec.android.app.shealth,2019-11-12 01:59:23.312,742403,2019-11-11 06:00:11.744,4fbe41e7-2535-f1af-1d73-fde4bf1e6df3,1573430400000,hytsFLPcD3,
com.sec.android.app.shealth,2019-11-25 05:27:29.434,8396808,2019-11-24 06:00:18.846,fa8a3e0f-722c-bb56-2d5b-d36c98a8e0ce,1574553600000,hytsFLPcD3,
com.sec.android.app.shealth,2020-06-13 21:44:10.259,51204,2020-06-13 06:00:08.909,1c5f7663-9509-3b71-ff74-195e57fd5403,1592006400000,hytsFLPcD3,
com.sec.android.app.shealth,2020-02-26 00:50:51.400,284928,2020-02-25 06:00:08.457,b6f9cfff-3bd0-d892-4cc6-e120e27ebeb7,1582588800000,hytsFLPcD3,
com.sec.android.app.shealth,2019-08-15 22:23:27.308,164096,2019-08-15 05:00:09.765,9b9bdfe8-0459-48cd-e830-4c77330ab523,1565827200000,hytsFLPcD3,
com.sec.android.app.shealth,2019-10-30 05:14:00.368,8554752,2019-10-29 06:00:51.316,104abc3e-c3d2-e96f-a9bf-d81812bcaf31,1572307200000,hytsFLPcD3,
com.sec.android.app.shealth,2019-07-23 03:51:14.964,540672,2019-07-22 06:00:09.799,dc8179eb-9c62-32d1-a8d5-0b9687ef47b3,1563753600000,hytsFLPcD3,
com.sec.android.app.shealth,2019-12-18 04:45:53.413,2297856,2019-12-17 07:00:04.877,b10bd4fc-f263-1b98-51fd-02474af5db78,1576540800000,hytsFLPcD3,
com.sec.android.app.shealth,2019-09-14 01:58:40.282,1052676,2019-09-13 05:00:04.156,fa22d98e-aa7f-f1bc-bacc-63d023dc89d5,1568332800000,hytsFLPcD3,
com.sec.android.app.shealth,2019-12-14 02:17:33.282,1179648,2019-12-13 06:00:17.287,0136020a-92d5-b0ce-8963-c695fd208b0a,1576195200000,hytsFLPcD3,
com.sec.android.app.shealth,2020-03-03 05:56:42.287,9460992,2020-03-02 06:00:05.848,a3509791-35af-8009-92c6-ceb783cb59a3,1583107200000,hytsFLPcD3,
com.sec.android.app.shealth,2019-08-11 21:58:03.358,65536,2019-08-11 05:00:04.680,106e3993-1724-85be-ac79-4d52dd2706f9,1565481600000,hytsFLPcD3,
com.sec.android.app.shealth,2019-08-15 04:33:39.306,9802752,2019-08-14 05:00:09.540,91abe843-310b-7546-ea9e-15c3a5996496,1565740800000,hytsFLPcD3,
com.sec.android.app.shealth,2020-03-09 04:47:35.118,4481024,2020-03-08 06:00:05.506,1e721f9d-5010-1ffe-508b-aee80dfcf523,1583625600000,hytsFLPcD3,
com.sec.android.app.shealth,2019-09-04 04:06:32.246,8686337,2019-09-03 05:00:43.744,47f3527d-016e-0453-dbad-f2f296576475,1567468800000,hytsFLPcD3,
com.sec.android.app.shealth,2020-03-15 03:10:45.545,2162691,2020-03-14 06:00:16.307,790d8d4d-16e8-b4fa-60cd-12a5cbe6c549,1584144000000,hytsFLPcD3,
com.sec.android.app.shealth,2019-11-04 03:49:27.334,1048576,2019-11-03 06:04:08.447,c02b7a68-1755-5450-5218-7f9da93efee8,1572739200000,hytsFLPcD3,
com.sec.android.app.shealth,2020-03-21 06:23:28.296,8388608,2020-03-20 07:00:08.277,b72412b2-1833-e138-8e2f-0a83a4cc8efa,1584662400000,hytsFLPcD3,
com.sec.android.app.shealth,2019-11-26 19:42:56.384,8448,2019-11-26 06:00:05.357,12ca8868-39aa-768a-2101-8461a994c12e,1574726400000,hytsFLPcD3,
com.sec.android.app.shealth,2019-10-20 16:36:42.275,2048,2019-10-20 05:00:06.822,5dcc2275-26cd-7d42-3090-66a603a92224,1571529600000,hytsFLPcD3,
com.sec.android.app.shealth,2020-03-27 02:44:55.290,786433,2020-03-26 07:00:06.521,00c9c5aa-912a-80c0-7cd0-6a136facdc78,1585180800000,hytsFLPcD3,
com.sec.android.app.shealth,2019-09-19 13:37:04.310,259,2019-09-19 05:00:10.198,7da6b7be-b865-a55d-c6e3-809f2a582b45,1568851200000,hytsFLPcD3,
com.sec.android.app.shealth,2020-04-02 03:56:47.537,1048832,2020-04-01 07:00:08.193,0500b3c7-143c-d4d2-edae-b2d8b97d9bd3,1585699200000,hytsFLPcD3,
com.sec.android.app.shealth,2019-12-19 05:13:28.266,5373952,2019-12-18 07:00:12.822,4ef6d203-918b-1c1b-bf70-942724c6e35c,1576627200000,hytsFLPcD3,
com.sec.android.app.shealth,2020-04-08 05:53:45.317,10485760,2020-04-08 00:19:31.251,f20beb6e-9f02-e3cd-7129-a3fd553b6654,1586217600000,hytsFLPcD3,
com.sec.android.app.shealth,2019-08-17 03:58:03.274,6300416,2019-08-16 05:00:17.956,71e2d5f3-8305-942a-d4e1-15f3367d1bc1,1565913600000,hytsFLPcD3,
com.sec.android.app.shealth,2019-09-30 02:38:42.308,2098180,2019-09-29 05:00:05.736,ff03717a-b667-c2e5-3ce2-7adc5fe098b5,1569715200000,hytsFLPcD3,
com.sec.android.app.shealth,2019-10-01 01:15:22.324,1336576,2019-09-30 05:00:11.076,b1f9e292-2f00-c621-9b66-4bb3ab660483,1569801600000,hytsFLPcD3,
com.sec.android.app.shealth,2020-04-14 03:10:59.115,2129920,2020-04-13 06:00:10.379,e2612d3a-6078-005a-679f-34f0113b3402,1586736000000,hytsFLPcD3,
com.sec.android.app.shealth,2019-07-21 04:26:46.277,4734976,2019-07-20 06:00:07.557,c37e09ad-b17a-a863-a64e-b90f83348e4a,1563580800000,hytsFLPcD3,
com.sec.android.app.shealth,2019-11-17 01:19:43.281,524290,2019-11-16 06:00:07.575,fc65aa3c-2191-8520-4d73-f0019f9f58d5,1573862400000,hytsFLPcD3,
com.sec.android.app.shealth,2019-09-29 03:12:11.289,4194304,2019-09-28 05:02:26.821,4401e94b-107d-a698-c153-58fc75b807b7,1569628800000,hytsFLPcD3,
com.sec.android.app.shealth,2019-09-07 04:00:17.271,9770241,2019-09-06 05:00:04.733,385d3886-ae03-c2a8-cbfb-f3062aaff410,1567728000000,hytsFLPcD3,
com.sec.android.app.shealth,2019-10-24 04:01:11.274,9774080,2019-10-23 05:00:58.304,12796bc2-45d0-2310-52f1-5a1ed05bb543,1571788800000,hytsFLPcD3,
com.sec.android.app.shealth,2020-04-20 05:03:34.243,8536066,2020-04-19 06:00:07.354,b3626454-64c0-9c91-c0f7-a53ace5bb539,1587254400000,hytsFLPcD3,
com.sec.android.app.shealth,2020-04-26 05:56:49.276,10887168,2020-04-25 06:00:08.376,6f5f3cfe-9209-4812-62ec-c2127e9d6031,1587772800000,hytsFLPcD3,
com.sec.android.app.shealth,2019-09-17 05:52:56.291,15352832,2019-09-16 14:49:33.860,03a68b01-b410-621e-3cfc-a6340574fc72,1568592000000,hytsFLPcD3,
com.sec.android.app.shealth,2019-10-12 02:50:53.029,2416640,2019-10-11 05:00:54.571,48fde0ea-4467-c72e-fce8-224da6f631f7,1570752000000,hytsFLPcD3,
com.sec.android.app.shealth,2019-07-28 18:12:46.278,9216,2019-07-28 05:00:08.267,603219ca-1730-be81-d4ed-f91e848a7b80,1564272000000,hytsFLPcD3,
com.sec.android.app.shealth,2020-05-02 01:10:09.295,794625,2020-05-01 06:00:05.476,dcf617a1-ca38-4578-5b63-ae241fc65365,1588291200000,hytsFLPcD3,
com.sec.android.app.shealth,2019-08-02 04:22:14.281,8388608,2019-08-01 05:00:08.171,b7e6f27b-1642-7e3c-00dc-ae2262d7d94e,1564617600000,hytsFLPcD3,
com.sec.android.app.shealth,2020-01-08 04:18:52.298,2302977,2020-01-07 07:00:04.072,0fe1a9c8-f654-9833-51de-7e7497c574b5,1578355200000,hytsFLPcD3,
com.sec.android.app.shealth,2019-10-22 02:46:32.275,3479808,2019-10-21 05:00:45.326,55161608-d5bd-29c4-1bc4-756df7f2cc56,1571616000000,hytsFLPcD3,
com.sec.android.app.shealth,2020-01-10 23:56:30.451,98304,2020-01-10 07:00:04.743,41df8552-0e39-2373-51a4-4872b0033bbc,1578614400000,hytsFLPcD3,
com.sec.android.app.shealth,2019-08-13 00:56:24.249,730368,2019-08-12 05:00:13.441,99b42444-e23f-91ba-4da7-78ecf5c3ff06,1565568000000,hytsFLPcD3,
com.sec.android.app.shealth,2020-05-08 00:22:22.154,344068,2020-05-07 06:00:05.791,8b238691-fc39-fd99-3323-f9085c561b08,1588809600000,hytsFLPcD3,
com.sec.android.app.shealth,2019-10-17 01:11:44.237,1312000,2019-10-16 05:00:07.024,a853f058-66b6-4c32-0c0c-806da0f78032,1571184000000,hytsFLPcD3,
com.sec.android.app.shealth,2019-11-28 05:15:17.266,10092552,2019-11-27 06:00:04.846,64580145-6961-9017-27db-6f68448ae2a9,1574812800000,hytsFLPcD3,
com.sec.android.app.shealth,2019-10-08 01:09:53.370,1320704,2019-10-07 05:07:04.664,25c85b26-14ce-17eb-8d1b-b7627d10fdd7,1570406400000,hytsFLPcD3,
com.sec.android.app.shealth,2019-10-13 02:02:58.264,2129920,2019-10-12 05:00:09.933,b43727d0-d55e-1b27-d72a-32207eb94f3b,1570838400000,hytsFLPcD3,
com.sec.android.app.shealth,2019-11-07 02:57:35.236,1343489,2019-11-06 06:00:08.771,5da37119-53a8-190d-b8cd-74c52ee922bf,1572998400000,hytsFLPcD3,
com.sec.android.app.shealth,2019-11-07 23:40:27.454,8961,2019-11-07 06:00:11.151,ce923e38-3477-3693-237c-5b24037d64c2,1573084800000,hytsFLPcD3,
com.sec.android.app.shealth,2020-05-14 05:33:24.335,10616896,2020-05-13 06:00:06.593,21e788e2-cf01-c7a1-7bae-f3acf94c82a2,1589328000000,hytsFLPcD3,
com.sec.android.app.shealth,2020-05-20 04:13:52.222,5325312,2020-05-19 06:00:14.340,ee03538d-d3ea-48de-0365-337f0fe1be1a,1589846400000,hytsFLPcD3,
com.sec.android.app.shealth,2019-10-28 03:52:05.276,3178496,2019-10-27 05:00:03.802,ba8d8ad0-6c6d-05ec-685c-df7596bb17ab,1572134400000,hytsFLPcD3,
com.sec.android.app.shealth,2019-08-25 04:25:14.343,8912896,2019-08-24 05:00:18.890,9f714cfa-f004-63a1-d98d-ed5ffe0dd6f4,1566604800000,hytsFLPcD3,
com.sec.android.app.shealth,2019-08-26 02:20:31.334,2670592,2019-08-25 05:00:05.782,51ac5d48-73c6-b00f-e110-f6e9cd64a56d,1566691200000,hytsFLPcD3,
com.sec.android.app.shealth,2020-05-26 05:34:23.475,13289472,2020-05-25 06:00:03.490,bad3fc1c-cad9-aa68-cd43-68d07ce667c5,1590364800000,hytsFLPcD3,
com.sec.android.app.shealth,2020-01-05 18:58:54.304,2048,2020-01-05 07:00:07.138,8695a803-1943-e5d3-e685-fe1f7c59719a,1578182400000,hytsFLPcD3,
com.sec.android.app.shealth,2019-07-27 20:18:28.290,33288,2019-07-27 05:01:06.326,b4260b32-0efc-29eb-19f5-2c5070598827,1564185600000,hytsFLPcD3,
com.sec.android.app.shealth,2019-08-05 00:59:45.307,557056,2019-08-04 05:00:12.481,959e8279-d5b6-4b0a-ac20-28ea32ac102e,1564876800000,hytsFLPcD3,
com.sec.android.app.shealth,2020-01-14 10:05:05.267,16,2020-01-14 06:00:13.441,2452b2e0-c495-0971-4a28-0d0a9873c14c,1578960000000,hytsFLPcD3,
com.sec.android.app.shealth,2020-01-05 06:00:22.322,9621506,2020-01-04 07:00:16.321,7ac305e6-b946-c846-847a-ecb08b6f7198,1578096000000,hytsFLPcD3,
com.sec.android.app.shealth,2019-08-30 01:45:28.372,1124352,2019-08-29 05:00:09.070,08dad17b-7144-2ce6-fd1c-737a4a382d66,1567036800000,hytsFLPcD3,
com.sec.android.app.shealth,2019-11-14 03:49:42.278,3426304,2019-11-13 06:00:55.565,719cee8e-17c1-11ec-dc39-98fcdd54b06b,1573603200000,hytsFLPcD3,
com.sec.android.app.shealth,2019-07-22 01:38:27.281,610306,2019-07-21 06:01:48.442,6f880e7b-d5ea-ea57-ea5d-ef5c577d03cf,1563667200000,hytsFLPcD3,
com.sec.android.app.shealth,2020-06-01 04:36:18.320,4882432,2020-05-31 06:00:11.406,cf380b44-681e-2597-76ac-8af38b996e52,1590883200000,hytsFLPcD3,
com.sec.android.app.shealth,2019-09-01 23:53:47.260,397314,2019-09-01 05:00:33.366,1d7faf00-e263-ded1-b9ad-652ea261e989,1567296000000,hytsFLPcD3,
com.sec.android.app.shealth,2020-06-07 01:45:28.278,557060,2020-06-06 06:00:05.219,4e40e220-2c62-3d0b-40bc-519206edd41c,1591401600000,hytsFLPcD3,
com.sec.android.app.shealth,2019-07-25 03:25:39.314,2162705,2019-07-24 06:00:16.324,179459a2-ef67-e08f-cf3f-4cb434d17940,1563926400000,hytsFLPcD3,
com.sec.android.app.shealth,2020-01-17 05:19:54.322,11010048,2020-01-16 06:00:03.931,16184fac-466b-53c0-060a-222a3300e593,1579132800000,hytsFLPcD3,
com.sec.android.app.shealth,2019-08-13 15:13:24.281,1280,2019-08-13 05:00:18.130,8e10aa49-1152-fa43-95f7-4383b169fc57,1565654400000,hytsFLPcD3,
com.sec.android.app.shealth,2020-06-13 05:39:23.388,11075585,2020-06-12 06:00:10.828,b6868f0f-00b5-e539-d5bd-8317ae76dda3,1591920000000,hytsFLPcD3,
com.sec.android.app.shealth,2020-01-03 05:15:17.285,4472834,2020-01-02 07:00:08.258,c5fb1724-3536-55d0-6005-2b39537b9212,1577923200000,hytsFLPcD3,
com.sec.android.app.shealth,2019-11-03 02:58:39.235,1081354,2019-11-02 06:00:05.242,6eada564-5048-88b6-f6bc-d1c1340aad5f,1572652800000,hytsFLPcD3,
com.sec.android.app.shealth,2019-08-24 04:00:02.173,8656128,2019-08-23 05:00:11.260,f5581d3e-8178-1805-c7cb-6c43f9fc44b8,1566518400000,hytsFLPcD3,
com.sec.android.app.shealth,2020-01-23 04:36:07.309,4475649,2020-01-22 06:00:08.411,ccd47e0b-4f5d-b862-9adb-0aae710735e3,1579651200000,hytsFLPcD3,
com.sec.android.app.shealth,2019-10-09 04:19:50.287,8544512,2019-10-08 05:00:55.693,ceaec497-d63e-6100-7ec7-4ffaddb3790e,1570492800000,hytsFLPcD3,
com.sec.android.app.shealth,2019-08-21 04:34:52.272,14221568,2019-08-20 05:00:02.571,2f3678ae-7aea-1a7f-b6e4-d95659362233,1566259200000,hytsFLPcD3,
com.sec.android.app.shealth,2020-01-29 01:57:04.273,530688,2020-01-28 06:00:06.131,33057299-553e-321b-36f5-065011407c1c,1580169600000,hytsFLPcD3,
com.sec.android.app.shealth,2019-08-03 23:05:14.239,294912,2019-08-03 05:00:09.542,83baaf9e-087d-2e93-de4f-13178d593b4c,1564790400000,hytsFLPcD3,
com.sec.android.app.shealth,2019-07-29 06:51:21.169,2,2019-07-29 05:00:51.465,e0fdd5e3-55fd-a35a-1216-d4b4b28305f4,1564358400000,hytsFLPcD3,
com.sec.android.app.shealth,2020-02-03 23:44:17.424,131328,2020-02-03 07:00:05.058,6b1ff3a4-b3ed-ef1f-9c80-8854b6edd015,1580688000000,hytsFLPcD3,
com.sec.android.app.shealth,2019-12-15 03:35:40.339,3671040,2019-12-14 06:00:18.814,4bbf71ef-e7be-f1bd-1295-fdb6dbf81568,1576281600000,hytsFLPcD3,
com.sec.android.app.shealth,2019-09-22 01:54:57.309,1343488,2019-09-21 05:00:04.142,49a69387-20e2-e6c6-8d6e-35e7906276d3,1569024000000,hytsFLPcD3,
com.sec.android.app.shealth,2019-10-03 04:24:49.441,11805696,2019-10-02 05:01:29.378,49764a22-a5f9-735b-9f39-7d82eb2543ee,1569974400000,hytsFLPcD3,
com.sec.android.app.shealth,2019-12-31 06:00:29.364,10485760,2019-12-30 07:00:07.242,3eae728b-92c7-9a81-7ea5-a9d2cd8551db,1577664000000,hytsFLPcD3,
com.sec.android.app.shealth,2020-02-10 05:11:55.298,9568258,2020-02-09 06:00:07.460,183c1945-e39c-fdb3-495f-fc89b263d8d3,1581206400000,hytsFLPcD3,
com.sec.android.app.shealth,2019-12-29 04:23:10.337,2097161,2019-12-28 07:02:54.607,efe797aa-1e0c-afdd-c40b-6acd4cf5e773,1577491200000,hytsFLPcD3,
com.sec.android.app.shealth,2019-12-30 00:55:11.253,224512,2019-12-29 07:00:20.020,7939f5d5-6543-24fc-aae8-0896ffbcf95e,1577577600000,hytsFLPcD3,
com.sec.android.app.shealth,2019-10-18 23:02:17.296,270592,2019-10-18 05:00:09.923,2e4f4a09-6867-8fa4-2e67-b359d25766a6,1571356800000,hytsFLPcD3,
com.sec.android.app.shealth,2020-02-16 04:19:26.791,0,2020-02-15 06:00:12.481,dbddac70-6833-24a5-66ab-43ecc816d506,1581724800000,hytsFLPcD3,
com.sec.android.app.shealth,2019-08-07 18:21:31.323,8192,2019-08-07 05:00:04.896,3d2d3ac7-97fc-5ac6-6440-3e8c4063e60c,1565136000000,hytsFLPcD3,
com.sec.android.app.shealth,2019-11-10 02:43:47.313,1050625,2019-11-09 06:00:03.814,811a799c-fc88-c16f-7aea-db306cf5e3c1,1573257600000,hytsFLPcD3,
com.sec.android.app.shealth,2019-12-05 03:33:10.285,2883586,2019-12-04 06:00:12.764,3ed06d63-009c-7feb-8482-376c05c692eb,1575417600000,hytsFLPcD3,
com.sec.android.app.shealth,2020-02-22 03:45:45.298,2363392,2020-02-21 06:00:05.245,5be81b05-9865-6e1f-076f-d6d90b7ed5cf,1582243200000,hytsFLPcD3,
com.sec.android.app.shealth,2019-12-06 04:55:24.168,1059072,2019-12-05 06:00:04.785,71114b02-b2ef-b3d8-2dff-fc05c954435e,1575504000000,hytsFLPcD3,
com.sec.android.app.shealth,2019-12-28 05:56:09.318,4718594,2019-12-27 07:00:04.999,9357e2c7-be9a-cfa4-d415-b1215194657a,1577404800000,hytsFLPcD3,
com.sec.android.app.shealth,2019-11-19 23:27:15.265,131072,2019-11-19 06:01:14.855,0a656e67-4174-9b34-3252-086d8c97e874,1574121600000,hytsFLPcD3,
com.sec.android.app.shealth,2019-08-19 04:29:32.364,9732096,2019-08-18 05:00:05.750,69377088-8b0b-7acd-e89b-95c3faa2797b,1566086400000,hytsFLPcD3,
com.sec.android.app.shealth,2019-10-05 02:53:35.355,70912,2019-10-04 05:02:11.670,8d330319-a856-1ed4-d61a-14eade16b6cf,1570147200000,hytsFLPcD3,
com.sec.android.app.shealth,2019-10-06 08:45:51.299,12,2019-10-06 05:15:00.755,6939575b-5511-c116-639d-95a0a2b782f9,1570320000000,hytsFLPcD3,
com.sec.android.app.shealth,2019-07-27 04:56:37.214,12582912,2019-07-26 05:00:18.800,d0809d93-4403-8aa6-61fb-5f19ed5c5cd4,1564099200000,hytsFLPcD3,
com.sec.android.app.shealth,2019-12-12 03:19:57.246,2113536,2019-12-11 06:04:12.567,f47f007e-9e1d-279c-14f4-41b4fc7784ef,1576022400000,hytsFLPcD3,
com.sec.android.app.shealth,2020-02-28 00:18:40.007,317696,2020-02-27 06:00:06.052,47d17e20-5e10-f353-69a1-e30408bcab4e,1582761600000,hytsFLPcD3,
com.sec.android.app.shealth,2019-08-08 05:04:14.354,1,2019-08-08 05:00:14.647,db746839-9819-2155-8221-d5b3920159ac,1565222400000,hytsFLPcD3,
com.sec.android.app.shealth,2019-11-30 05:39:48.402,8716288,2019-11-29 06:00:49.424,6fcbd806-2c25-1ead-122c-6f96d947935a,1574985600000,hytsFLPcD3,
com.sec.android.app.shealth,2019-08-10 00:31:42.273,819200,2019-08-09 05:00:15.766,730efbce-3f81-2ddf-2c02-cf40d6f8681a,1565308800000,hytsFLPcD3,
com.sec.android.app.shealth,2019-12-16 06:00:12.766,0,2019-12-16 06:00:12.766,011988f2-5668-cd42-c7aa-fec195a79d94,1576454400000,hytsFLPcD3,
com.sec.android.app.shealth,2019-09-25 03:47:28.417,5374224,2019-09-24 05:00:09.240,1b182c5e-d161-f74a-858a-25a1477ab3f6,1569283200000,hytsFLPcD3,
com.sec.android.app.shealth,2020-03-05 02:43:40.300,1379072,2020-03-04 06:00:16.380,f4b55a77-a78d-1edf-84d7-6f5f4b823e88,1583280000000,hytsFLPcD3,
com.sec.android.app.shealth,2019-11-10 17:43:33.362,2048,2019-11-10 06:00:05.888,ff906eb7-aa3a-ddd1-7463-62b047b87cdb,1573344000000,hytsFLPcD3,
com.sec.android.app.shealth,2019-12-07 01:34:50.308,786433,2019-12-06 06:00:05.194,15312e8c-8cec-1995-2ca0-a58c3bc1d88d,1575590400000,hytsFLPcD3,
com.sec.android.app.shealth,2019-09-08 04:43:22.301,10506240,2019-09-07 05:00:23.371,88eca4f3-f9fc-fcc0-2148-96c72ad3edbb,1567814400000,hytsFLPcD3,
com.sec.android.app.shealth,2019-09-23 01:44:26.379,1703954,2019-09-22 05:00:03.759,3c4d4009-d249-5e9f-f94c-d0444427b388,1569110400000,hytsFLPcD3,
com.sec.android.app.shealth,2019-09-13 03:34:36.319,4326659,2019-09-12 05:00:36.875,b6d50a3d-b01c-e5f6-bd3b-e59f8348456f,1568246400000,hytsFLPcD3,
com.sec.android.app.shealth,2020-03-11 00:31:44.344,334081,2020-03-10 06:00:12.735,677c73e2-568c-8f4d-ad61-4dae1c5f1e84,1583798400000,hytsFLPcD3,
com.sec.android.app.shealth,2019-12-09 05:40:47.281,13795332,2019-12-08 06:00:13.186,29b94089-b9d2-4573-c226-28f7108a7bcb,1575763200000,hytsFLPcD3,
com.sec.android.app.shealth,2020-01-07 05:00:19.362,4198400,2020-01-06 15:30:28.358,dec5f7f8-6d8a-b2f2-3d29-2f83af88dcc5,1578268800000,hytsFLPcD3,
com.sec.android.app.shealth,2020-03-17 04:13:49.364,6291456,2020-03-16 06:00:38.515,6eced2bc-dd4b-5a56-5dd3-5bfb5a7a9f35,1584316800000,hytsFLPcD3,
com.sec.android.app.shealth,2019-08-27 13:33:02.350,256,2019-08-27 05:00:10.819,c8027c90-33d3-32bf-3f06-bcd6fae66be0,1566864000000,hytsFLPcD3,
com.sec.android.app.shealth,2019-08-11 01:00:38.290,1048576,2019-08-10 05:00:04.805,0f0ae5c3-e7a0-1181-f767-9a32c7c13ce5,1565395200000,hytsFLPcD3,
com.sec.android.app.shealth,2019-09-05 01:20:46.460,1348609,2019-09-04 05:00:42.651,221b1ca8-303e-b714-5065-ca047c22eb2f,1567555200000,hytsFLPcD3,
com.sec.android.app.shealth,2019-09-05 19:30:39.277,16384,2019-09-05 05:00:52.397,9ef0a29d-fae0-60de-758c-1bf94858b876,1567641600000,hytsFLPcD3,
com.sec.android.app.shealth,2020-01-18 04:17:31.007,5242880,2020-01-17 06:00:22.885,c1907600-27c3-6cdc-dfe4-264c63df2f31,1579219200000,hytsFLPcD3,
com.sec.android.app.shealth,2020-01-19 05:29:19.332,10616837,2020-01-18 06:00:05.658,2fc3fdb0-e017-cb9c-4c74-5889038484d5,1579305600000,hytsFLPcD3,
com.sec.android.app.shealth,2020-03-23 04:43:36.233,2785280,2020-03-22 07:00:05.688,e23667b4-c006-7e02-2d24-6c1e3d9040a1,1584835200000,hytsFLPcD3,
com.sec.android.app.shealth,2020-01-02 06:40:27.754,12582920,2020-01-01 07:00:09.721,7069580d-41ac-226c-77f8-139ddbe73d51,1577836800000,hytsFLPcD3,
com.sec.android.app.shealth,2020-01-24 04:43:24.269,4609280,2020-01-23 06:00:08.320,0b9dfb25-34ad-c5b8-e7b1-33f695edaf4a,1579737600000,hytsFLPcD3,
com.sec.android.app.shealth,2020-01-25 04:33:22.345,5047552,2020-01-24 06:00:08.393,b5dc4944-1004-d263-1f40-e14046c9f930,1579824000000,hytsFLPcD3,
com.sec.android.app.shealth,2020-03-29 03:24:32.277,1343488,2020-03-28 07:00:19.519,b332a947-6556-7a1b-8e31-9e44a55caf9c,1585353600000,hytsFLPcD3,
com.sec.android.app.shealth,2020-01-30 03:22:48.381,2890496,2020-01-29 06:00:08.107,71c46f65-3e4a-56b8-28d0-1292e7c0dc64,1580256000000,hytsFLPcD3,
com.sec.android.app.shealth,2019-12-16 04:43:34.344,5382147,2019-12-15 06:00:23.103,55eb266f-9245-e569-9dc6-66169476d746,1576368000000,hytsFLPcD3,
com.sec.android.app.shealth,2020-01-31 04:08:37.715,4856064,2020-01-30 06:00:04.482,e8ac9dc4-a5f3-9ba9-5fea-01129c4bf65c,1580342400000,hytsFLPcD3,
com.sec.android.app.shealth,2020-02-05 04:36:26.351,5511424,2020-02-04 06:00:06.580,82900064-5cb9-7968-a276-03d79db3bf25,1580774400000,hytsFLPcD3,
com.sec.android.app.shealth,2019-09-02 23:06:40.313,300288,2019-09-02 05:00:07.767,75734652-0c06-c255-f88d-c296e1f903ae,1567382400000,hytsFLPcD3,
com.sec.android.app.shealth,2020-02-06 04:43:58.289,6292224,2020-02-05 06:00:08.591,f2b61655-881d-96d7-587e-0a608105fc08,1580860800000,hytsFLPcD3,
com.sec.android.app.shealth,2020-02-11 04:47:23.247,5524480,2020-02-10 06:00:06.421,21f73827-4750-eb21-fe24-406d19c223d9,1581292800000,hytsFLPcD3,
com.sec.android.app.shealth,2019-12-01 03:17:03.502,3227648,2019-11-30 06:00:05.250,2a02180f-f355-01fa-00cd-504a54241163,1575072000000,hytsFLPcD3,
com.sec.android.app.shealth,2020-02-12 00:54:44.365,289024,2020-02-11 06:00:11.362,f66d9793-796f-85e2-3005-460ac6040a87,1581379200000,hytsFLPcD3,
com.sec.android.app.shealth,2020-04-04 03:22:23.304,1048576,2020-04-03 07:00:14.442,8086564a-3b29-a224-ea88-367339a24092,1585872000000,hytsFLPcD3,
com.sec.android.app.shealth,2019-10-06 01:22:19.350,1052672,2019-10-05 05:00:49.586,db35a46a-2c80-5dc6-eb3a-efdfffc4c372,1570233600000,hytsFLPcD3,
com.sec.android.app.shealth,2020-02-17 05:26:04.394,12582952,2020-02-16 06:00:03.894,20f8b291-3513-1837-2850-3ed08ae729be,1581811200000,hytsFLPcD3,
com.sec.android.app.shealth,2020-04-10 04:52:24.286,5373956,2020-04-09 06:00:20.863,4b4778f2-5793-09db-eb43-e3e1457ddbf8,1586390400000,hytsFLPcD3,
com.sec.android.app.shealth,2020-04-16 04:36:31.703,7019008,2020-04-15 06:00:09.857,a61039db-1bad-724c-94ff-737ee030ebf1,1586908800000,hytsFLPcD3,
com.sec.android.app.shealth,2020-02-18 04:38:39.344,5589760,2020-02-17 06:00:07.352,38e43cb7-4f02-c709-454c-e6ad70fbfbcc,1581897600000,hytsFLPcD3,
com.sec.android.app.shealth,2019-08-22 01:12:34.316,1332736,2019-08-21 05:00:10.498,f95de6ac-94ee-2b5f-ffd5-6301bc0fda0d,1566345600000,hytsFLPcD3,
com.sec.android.app.shealth,2020-04-22 05:41:34.349,11546624,2020-04-21 06:00:06.114,9bafa222-4a16-bfdf-1aeb-44c93819161e,1587427200000,hytsFLPcD3,
com.sec.android.app.shealth,2020-04-28 04:00:49.354,4886848,2020-04-27 06:00:16.584,640df293-f8e0-db41-54fb-0d3e8e0254dc,1587945600000,hytsFLPcD3,
com.sec.android.app.shealth,2020-02-23 05:09:33.286,9453571,2020-02-22 06:00:08.510,543087f5-b0e8-df22-c3f0-832527196c27,1582329600000,hytsFLPcD3,
com.sec.android.app.shealth,2020-02-24 03:57:51.301,3178496,2020-02-23 06:00:05.210,a44fa669-faca-429f-50fd-7f0c369e8e49,1582416000000,hytsFLPcD3,
com.sec.android.app.shealth,2020-05-04 04:16:18.299,4194304,2020-05-03 06:00:09.355,517ad11f-323c-165f-8edf-068b0593d3c4,1588464000000,hytsFLPcD3,
com.sec.android.app.shealth,2020-03-01 03:15:43.566,2101248,2020-02-29 06:00:09.340,0800f133-a92e-2e0c-3deb-0a738bf45658,1582934400000,hytsFLPcD3,
com.sec.android.app.shealth,2020-02-29 00:00:42.440,296192,2020-02-28 06:00:09.070,78f7eaeb-ace9-25bf-b507-eca7ff63d6da,1582848000000,hytsFLPcD3,
com.sec.android.app.shealth,2020-05-10 05:13:58.323,8734728,2020-05-09 06:00:12.653,475bc4b2-2f7a-a130-a091-dbbafc5c8058,1588982400000,hytsFLPcD3,
com.sec.android.app.shealth,2019-12-22 00:22:18.275,131072,2019-12-21 07:00:41.510,bbeeeac0-1051-f7a7-de35-eeb71e36350d,1576886400000,hytsFLPcD3,
com.sec.android.app.shealth,2020-03-06 05:51:40.351,8411393,2020-03-05 06:00:13.495,2573beb6-42ba-9a71-9008-eb54f31ba9ea,1583366400000,hytsFLPcD3,
com.sec.android.app.shealth,2020-03-07 04:42:52.488,5543040,2020-03-06 06:00:15.698,701511ec-9c97-4483-0114-6e1385264792,1583452800000,hytsFLPcD3,
com.sec.android.app.shealth,2020-05-16 05:33:29.359,11111424,2020-05-15 06:00:12.461,e4919332-0d43-314e-19d3-b4a70990edc8,1589500800000,hytsFLPcD3,
com.sec.android.app.shealth,2019-12-26 03:14:52.268,1327104,2019-12-25 07:00:04.176,f345fa93-d200-d504-1982-b41ca6383ee3,1577232000000,hytsFLPcD3,
com.sec.android.app.shealth,2020-03-12 02:54:02.342,1935616,2020-03-11 06:00:08.554,dc0f7188-f3ce-9cce-d992-26a7e421e890,1583884800000,hytsFLPcD3,
com.sec.android.app.shealth,2019-09-09 23:05:21.280,267776,2019-09-09 05:00:43.518,3f1b46f8-5203-f9f4-5a1a-7cbd711b1d4d,1567987200000,hytsFLPcD3,
com.sec.android.app.shealth,2020-03-13 05:10:55.300,10070273,2020-03-12 06:00:07.957,6e5bc6b1-d5aa-9195-111a-27f728f67c6a,1583971200000,hytsFLPcD3,
com.sec.android.app.shealth,2020-05-22 03:32:48.282,2129920,2020-05-21 06:00:08.630,c4b8ecf0-5c61-4746-1662-c6c16dc8b74e,1590019200000,hytsFLPcD3,
com.sec.android.app.shealth,2020-03-18 05:35:55.344,11829250,2020-03-17 06:00:08.484,728c844e-f2b7-322c-94a9-cb370fd52bea,1584403200000,hytsFLPcD3,
com.sec.android.app.shealth,2020-03-19 04:54:58.340,4210688,2020-03-18 06:00:12.357,83ca71cb-2aeb-b952-8869-3abf3f5efadf,1584489600000,hytsFLPcD3,
com.sec.android.app.shealth,2020-05-28 03:36:32.265,2097153,2020-05-27 06:00:13.545,d4a9fadb-7730-4e4e-9eec-23eae4e047b7,1590537600000,hytsFLPcD3,
com.sec.android.app.shealth,2019-09-26 03:54:30.278,5547008,2019-09-25 05:00:30.790,4133ec51-e80c-3866-625f-ce1ec6db70be,1569369600000,hytsFLPcD3,
com.sec.android.app.shealth,2020-03-24 06:09:30.293,9963776,2020-03-23 07:00:12.198,226fb452-ba6c-e2d4-115e-3ada0a043932,1584921600000,hytsFLPcD3,
com.sec.android.app.shealth,2020-03-25 04:21:13.339,2801664,2020-03-24 07:00:10.656,78d9c0e5-dcd4-19d3-6b65-fe31357f5489,1585008000000,hytsFLPcD3,
com.sec.android.app.shealth,2019-11-22 03:48:43.293,2134272,2019-11-21 06:00:04.636,6f467ec2-1de4-821f-4a29-e21f819c53c6,1574294400000,hytsFLPcD3,
com.sec.android.app.shealth,2020-06-03 03:26:54.315,2506753,2020-06-02 06:00:06.804,b67858fc-3e99-14b5-b0e8-aa723c8186f9,1591056000000,hytsFLPcD3,
com.sec.android.app.shealth,2020-03-30 05:00:42.349,4980736,2020-03-29 07:00:12.972,b8c1fdd9-de86-7525-28f0-953d586b8eee,1585440000000,hytsFLPcD3,
com.sec.android.app.shealth,2019-08-31 20:36:15.176,1,2019-08-31 05:00:03.906,73e155d5-cfaf-08ac-eb8d-dc7857a936d6,1567209600000,hytsFLPcD3,
com.sec.android.app.shealth,2020-03-31 01:43:17.681,413700,2020-03-30 07:00:04.183,80eef1f3-cee3-50a0-fff2-f448580cd65d,1585526400000,hytsFLPcD3,
com.sec.android.app.shealth,2019-12-03 18:33:19.431,4353,2019-12-03 06:00:14.255,b6fa1d1d-1eb4-8855-cc97-87bf6f5e1f35,1575331200000,hytsFLPcD3,
com.sec.android.app.shealth,2020-04-05 05:58:41.936,4360192,2020-04-04 07:00:29.408,59afcf5f-fe47-95f7-b57c-7011f9cd81e4,1585958400000,hytsFLPcD3,
com.sec.android.app.shealth,2019-11-01 02:55:22.274,1311232,2019-10-31 06:00:19.802,27c8f1c9-404d-20c1-ee0a-00adf59a0b41,1572480000000,hytsFLPcD3,
com.sec.android.app.shealth,2020-04-06 00:38:35.186,278530,2020-04-05 07:00:05.848,733bb706-ee43-7780-48be-9b6d3eaf19c0,1586044800000,hytsFLPcD3,
com.sec.android.app.shealth,2020-04-11 03:29:35.360,2097153,2020-04-10 06:00:05.568,e725ba02-bd6f-0ad1-aada-ee990a29c6f4,1586476800000,hytsFLPcD3,
com.sec.android.app.shealth,2019-11-29 02:50:59.263,1378560,2019-11-28 06:00:06.736,893e5e07-0484-d217-edc7-a06567295f9e,1574899200000,hytsFLPcD3,
com.sec.android.app.shealth,2020-06-08 20:07:23.372,20992,2020-06-08 06:00:04.062,76382fd0-9397-1c27-8e89-89c48e96e3c2,1591574400000,hytsFLPcD3,
com.sec.android.app.shealth,2020-04-12 01:55:13.291,851968,2020-04-11 06:00:16.195,6eef19b1-4689-b82b-9a57-ba7107bf6fdd,1586563200000,hytsFLPcD3,
com.sec.android.app.shealth,2019-11-15 02:29:16.330,1081344,2019-11-14 06:00:20.779,fdbbe965-3ec3-258f-6c7b-f83475e20658,1573689600000,hytsFLPcD3,
com.sec.android.app.shealth,2020-06-14 18:38:51.310,6144,2020-06-14 06:00:03.865,e8626a9d-0414-f760-d192-ce76415f8d15,1592092800000,hytsFLPcD3,
com.sec.android.app.shealth,2020-04-17 04:48:02.276,4755456,2020-04-16 06:00:20.150,c076dbcd-328a-06a4-98a1-f713c6307024,1586995200000,hytsFLPcD3,
com.sec.android.app.shealth,2019-10-04 04:17:52.106,8388864,2019-10-03 05:00:54.590,91fbd58b-45bb-2d26-bbb7-1d9b720c0e61,1570060800000,hytsFLPcD3,
com.sec.android.app.shealth,2020-04-18 04:26:44.316,4891136,2020-04-17 06:00:21.986,9d75316a-ccd6-5f3e-0871-e928e3d09f12,1587081600000,hytsFLPcD3,
com.sec.android.app.shealth,2020-04-23 02:25:36.084,1724416,2020-04-22 06:00:04.161,27f86d78-562b-07b5-b3d5-2c0d6b05d457,1587513600000,hytsFLPcD3,
com.sec.android.app.shealth,2019-12-13 00:39:19.128,270336,2019-12-12 06:00:11.413,468a6ab1-8356-48d0-822f-b82524c1cfcb,1576108800000,hytsFLPcD3,
com.sec.android.app.shealth,2020-04-29 05:06:45.476,11968512,2020-04-28 06:12:01.157,2fd94eba-5cdb-c633-e627-29d9db05a4e5,1588032000000,hytsFLPcD3,
com.sec.android.app.shealth,2020-04-23 20:13:28.312,18432,2020-04-23 06:00:07.423,2e7597fa-840d-aac4-782a-129793043240,1587600000000,hytsFLPcD3,
com.sec.android.app.shealth,2020-05-05 02:28:41.452,1397762,2020-05-04 06:00:10.514,d7c4bd07-89d9-a855-7f42-00bc21a351d9,1588550400000,hytsFLPcD3,
com.sec.android.app.shealth,2020-04-30 00:11:36.206,267776,2020-04-29 06:00:10.282,ea973c3d-baf7-773e-32fa-41c27fceddf7,1588118400000,hytsFLPcD3,
com.sec.android.app.shealth,2020-05-10 06:00:23.506,0,2020-05-10 06:00:23.505,b80d9da4-541a-fe1c-9f05-023bf63c1cdb,1589068800000,hytsFLPcD3,
com.sec.android.app.shealth,2020-01-20 00:03:40.277,262148,2020-01-19 06:00:07.868,c3391ba5-10eb-e3bd-cc97-ceaa644cedd2,1579392000000,hytsFLPcD3,
com.sec.android.app.shealth,2020-01-26 05:05:55.255,8781825,2020-01-25 06:00:18.378,760b5dce-9f5b-ae66-86f5-57a1293f7c14,1579910400000,hytsFLPcD3,
com.sec.android.app.shealth,2020-05-06 05:04:33.357,9783296,2020-05-05 06:00:19.802,351ca251-bbdc-dda3-9c89-6978c5b62249,1588636800000,hytsFLPcD3,
com.sec.android.app.shealth,2020-02-01 06:02:08.444,9175040,2020-01-31 06:00:05.269,d1d58aa0-8783-dffb-44fb-eaa2d7665237,1580428800000,hytsFLPcD3,
com.sec.android.app.shealth,2020-05-17 04:31:46.329,6422528,2020-05-16 06:00:05.026,ff8c7d96-16ca-aa51-f7fe-3b17c5b4e3ab,1589587200000,hytsFLPcD3,
com.sec.android.app.shealth,2020-02-07 05:57:27.455,8399104,2020-02-06 06:00:12.221,f73fd283-fb78-7628-7263-168953c96860,1580947200000,hytsFLPcD3,
com.sec.android.app.shealth,2020-05-12 01:12:24.355,786944,2020-05-11 06:00:29.514,7b06770c-b1a4-d2a2-8aa5-e554ed1dd287,1589155200000,hytsFLPcD3,
com.sec.android.app.shealth,2020-05-23 05:48:22.966,13254657,2020-05-22 06:00:11.554,8a7dbf8b-2e8d-e6ae-30d6-47b589e6e5a8,1590105600000,hytsFLPcD3,
com.sec.android.app.shealth,2020-05-18 02:11:06.396,1056768,2020-05-17 06:00:05.159,63243c9a-0942-a4ec-b18b-2a44af38c18e,1589673600000,hytsFLPcD3,
com.sec.android.app.shealth,2020-02-13 01:53:31.293,797952,2020-02-12 06:00:05.056,5653d02e-d424-bc2a-ee14-d16bce1a3020,1581465600000,hytsFLPcD3,
com.sec.android.app.shealth,2020-02-18 21:16:02.321,39168,2020-02-18 06:00:11.331,56e4bb8b-788b-a768-140e-0b094e6eeefe,1581984000000,hytsFLPcD3,
com.sec.android.app.shealth,2020-05-29 02:44:28.385,1179648,2020-05-28 06:00:04.190,c005ea9a-9d98-de3e-2cfa-cefb89f3931f,1590624000000,hytsFLPcD3,
com.sec.android.app.shealth,2020-02-25 05:48:41.336,10242816,2020-02-24 06:00:06.495,d937df1f-ce15-1e05-6f09-70635d5288fa,1582502400000,hytsFLPcD3,
com.sec.android.app.shealth,2020-03-02 05:26:20.269,9707520,2020-03-01 06:00:07.127,47c8ef18-b112-56c0-81bb-d0777fc8cd1b,1583020800000,hytsFLPcD3,
com.sec.android.app.shealth,2020-06-04 02:48:21.269,1310722,2020-06-03 06:00:10.415,31ff22b6-8ddf-753b-33f1-90e9e414978e,1591142400000,hytsFLPcD3,
com.sec.android.app.shealth,2020-05-24 05:44:38.619,9502720,2020-05-23 06:00:15.432,53fc98b1-d85e-50c0-859f-5aeface4b740,1590192000000,hytsFLPcD3,
com.sec.android.app.shealth,2020-03-07 22:51:57.304,65536,2020-03-07 06:00:08.392,979a5e11-ff20-2273-6f23-3a6246e79c19,1583539200000,hytsFLPcD3,
com.sec.android.app.shealth,2020-05-30 02:08:44.252,1507329,2020-05-29 06:00:09.215,f13706a1-69af-72b0-034b-d6ce79b78c29,1590710400000,hytsFLPcD3,
com.sec.android.app.shealth,2020-03-14 03:14:33.308,2135297,2020-03-13 06:00:10.694,e21e7c1a-3806-1254-9e04-cc218dc9160e,1584057600000,hytsFLPcD3,
com.sec.android.app.shealth,2020-06-05 02:31:03.295,1310720,2020-06-04 06:00:04.253,d3d7eedd-30d4-6e52-9c2c-cddbab1bc7f4,1591228800000,hytsFLPcD3,
com.sec.android.app.shealth,2020-03-20 04:31:49.326,2228360,2020-03-19 06:00:13.193,1fbcb4ce-934c-0cee-6eac-6c6b8c1a60e9,1584576000000,hytsFLPcD3,
com.sec.android.app.shealth,2020-06-11 05:59:43.595,9437189,2020-06-10 06:00:08.893,ddc6acbc-0d54-9ea8-ce6c-3fe9ac197f2f,1591747200000,hytsFLPcD3,
com.sec.android.app.shealth,2020-03-26 03:24:08.265,1133056,2020-03-25 07:00:07.722,28ce9bb4-d6b2-c7a2-6da2-217998060479,1585094400000,hytsFLPcD3,
com.sec.android.app.shealth,2020-06-17 03:38:24.333,3033088,2020-06-16 06:00:03.176,28061e1c-2c69-cab4-d959-6cec31700e33,1592265600000,hytsFLPcD3,
com.sec.android.app.shealth,2020-04-01 06:27:46.341,8606208,2020-03-31 07:00:04.167,58276c77-3f3d-af92-c434-952c987a3e69,1585612800000,hytsFLPcD3,
com.sec.android.app.shealth,2020-04-07 02:51:18.366,1966084,2020-04-06 06:00:03.233,41643d74-24b3-b901-8231-c61f58f280aa,1586131200000,hytsFLPcD3,
com.sec.android.app.shealth,2020-04-13 00:47:37.498,367616,2020-04-12 06:00:09.068,18af5cd6-e810-6eb8-4167-5092040d0f9e,1586649600000,hytsFLPcD3,
com.sec.android.app.shealth,2020-04-19 03:01:40.409,2163713,2020-04-18 06:00:05.485,05359d97-8766-2de4-3734-1d06ccc02825,1587168000000,hytsFLPcD3,
com.sec.android.app.shealth,2020-04-25 02:00:41.397,1327234,2020-04-24 06:00:08.372,d5fedb16-94dd-fd7b-6537-e8f0a0569cf8,1587686400000,hytsFLPcD3,
com.sec.android.app.shealth,2020-05-01 04:05:39.339,4620288,2020-04-30 06:00:06.225,c73ec313-a43a-476e-5b6e-53adbd2bc862,1588204800000,hytsFLPcD3,
com.sec.android.app.shealth,2020-05-06 23:06:36.288,131200,2020-05-06 06:00:13.393,40e86f6a-42e2-db1c-3171-102cd09a0962,1588723200000,hytsFLPcD3,
com.sec.android.app.shealth,2020-05-13 04:22:32.375,4342272,2020-05-12 06:00:05.098,626f35d6-66da-c5f3-30fe-fd72dd132982,1589241600000,hytsFLPcD3,
com.sec.android.app.shealth,2020-05-19 05:05:12.353,8806528,2020-05-18 06:00:04.702,7d5ea54f-ca5a-b02c-d6ab-3edffb9ec47b,1589760000000,hytsFLPcD3,
com.sec.android.app.shealth,2020-05-25 05:09:57.345,9797632,2020-05-24 06:00:05.325,17803d39-6601-6dc7-6b9c-f0662cda1cc3,1590278400000,hytsFLPcD3,
com.sec.android.app.shealth,2020-05-31 00:31:53.284,344064,2020-05-30 06:00:06.626,9fc61c45-f5f4-815e-eece-f8ff398674bb,1590796800000,hytsFLPcD3,
com.sec.android.app.shealth,2020-06-06 05:15:54.052,11206656,2020-06-05 06:00:06.912,af2699bf-9c60-b361-22c5-b5ae76598195,1591315200000,hytsFLPcD3,
com.sec.android.app.shealth,2020-06-12 02:31:32.302,1662976,2020-06-11 06:00:06.200,d4a8cc76-341e-643e-3ae7-b1b0e5be2da1,1591833600000,hytsFLPcD3,
com.sec.android.app.shealth,2020-06-18 01:25:43.369,598016,2020-06-17 06:00:06.299,525647c7-7260-8134-ec47-e804d68ccdaa,1592352000000,hytsFLPcD3,
com.sec.android.app.shealth,2020-06-10 04:07:34.303,5259776,2020-06-09 06:00:07.258,620a0e92-fee5-697a-6599-0cef1f63f1bd,1591660800000,hytsFLPcD3,
com.sec.android.app.shealth,2020-06-16 04:30:18.330,6881280,2020-06-15 06:00:04.169,f4af8d98-2c3d-a465-5524-4f651091d4c0,1592179200000,hytsFLPcD3,
