com.samsung.shealth.exercise.weather,6100041,3
sunset_time,exercise_id,latitude,temperature_scale,type,deviceuuid,update_time,uv_index,icon_info_id,datauuid,sundown_time,content_provider,temperature,humidity,wind_speed,longitude,create_time,time_offset,wind_speed_unit,custom,wind_direction,start_time,pkg_name,phrase,forecast_time
,5e4b23a2-d312-1c0e-a4f0-e210a3bb9c79,19.343582,1,0,hytsFLPcD3,2019-09-05 14:38:24.877,0.0,2,eb92a7a8-a7d9-f937-f882-b40ab9b6e38f,,TWC,15.0,76,,-99.199234,2019-09-05 14:38:24.877,UTC+0100,,,,2019-09-05 13:29:55.680,com.sec.android.app.shealth,Parcialmente nublado,,
,eb057d85-fe6a-ba13-566c-5f8bf3802986,19.343052,1,0,hytsFLPcD3,2019-12-14 20:08:06.874,6.0,1,bbb752e2-7ca8-e4c1-6053-ab532810bed9,,TWC,21.0,17,,-99.198204,2019-12-14 20:08:06.874,UTC+0100,,,,2019-12-14 19:38:07.960,com.sec.android.app.shealth,Soleado,,
,e6d7d999-c0ed-aacf-caed-22c6a701f16a,19.344826,1,0,hytsFLPcD3,2019-12-03 13:15:41.376,0.0,1,63b5d6c3-678f-5c45-5342-a06cf182241d,,TWC,9.0,79,,-99.19964,2019-12-03 13:15:41.376,UTC+0100,,,,2019-12-03 13:02:34.250,com.sec.android.app.shealth,Soleado,,
,3ffe5966-42a5-a295-ba7c-109dce300400,19.439358,1,0,hytsFLPcD3,2019-10-13 21:49:24.363,5.0,1,e73aa685-e909-6a9a-9ca0-aea034be472e,,TWC,26.0,41,,-99.20566,2019-10-13 21:49:24.363,UTC+0100,,,,2019-10-13 21:16:01.340,com.sec.android.app.shealth,Soleado,,
0,8619c765-0ac5-4f9b-93fb-232abb1dfcd3,19.341623,1,1,eL5K8TBQJK,2019-09-29 21:45:21.703,,3,ee92ce58-07c3-424f-a539-8b92b6d5cdd5,0,TWC,20.0,81,14.0,-99.191345,2019-09-29 21:45:21.703,UTC-0400,km/h,,SSE. 160,2019-09-29 21:45:21.698,com.sec.android.app.shealth,Nublado,0,
,c40f71a1-e2a5-6b68-c28b-a23a9f94c497,19.344658,1,0,hytsFLPcD3,2019-11-07 00:16:50.555,0.0,3,44bc443e-3ef7-49bc-ccec-73e4087a8999,,TWC,19.0,58,,-99.199394,2019-11-07 00:16:50.555,UTC+0100,,,,2019-11-07 00:04:04.090,com.sec.android.app.shealth,Mayormente nublado,,
,b872ca8a-60ff-e6c3-fc4d-16f5cd51613b,19.34478,1,0,hytsFLPcD3,2019-12-07 01:55:37.392,0.0,18,83125da1-2a87-0b14-2a93-45861906f601,,TWC,17.0,27,,-99.19982,2019-12-07 01:55:37.392,UTC+0100,,,,2019-12-07 01:34:46.340,com.sec.android.app.shealth,Despejado,,
,18f1d4d5-4348-e7a9-8407-8adabb7d2802,19.368715,1,0,hytsFLPcD3,2019-12-10 23:08:08.072,0.0,2,f94dda6b-7c5c-dd8a-edc2-d1fb029fdf67,,TWC,21.0,26,,-99.25791,2019-12-10 23:08:08.072,UTC+0100,,,,2019-12-10 22:53:16.570,com.sec.android.app.shealth,Parcialmente nublado,,
0,164b0e78-4ef8-4f29-8ab2-755be2dee5cc,19.431505,1,1,eL5K8TBQJK,2019-06-04 19:42:14.103,,3,273eb88f-8c50-4efc-a1bc-f9af0a3129f3,0,TWC,22.0,54,8.0,-99.19765,2019-06-04 19:42:14.103,UTC-0400,km/h,,ESE. 110,2019-06-04 19:42:14.102,com.sec.android.app.shealth,Nublado,0,
,28e22182-78e8-d8ba-c2a6-cb0732a98160,19.341953,1,0,hytsFLPcD3,2019-10-22 16:49:40.115,5.0,3,670afad1-502c-e67e-ac0a-ec98f41f9999,,TWC,18.0,67,,-99.1994,2019-10-22 16:49:40.115,UTC+0100,,,,2019-10-22 16:37:19.280,com.sec.android.app.shealth,Mayormente nublado,,
,3f91e1ff-4579-de27-e1ec-6eaa9446df3b,24.79753,1,0,hytsFLPcD3,2019-11-03 07:23:30.219,0.0,19,1518696b-3d49-1ef0-8635-b908a58eb753,,Accuweather,23.2,86,7.0,-107.39485,2019-11-03 07:23:30.219,UTC+0100,km/h,,O,2019-11-03 07:03:44.060,com.sec.android.app.shealth,Parcialmente nublado,,
0,6216552d-c17a-4031-92dd-a97fe33ca576,24.816198,1,1,eL5K8TBQJK,2019-04-12 00:05:17.567,,1,f90dd5cd-ff3f-40b0-9566-41c1fd252290,0,TWC,29.0,21,27.0,-107.38778,2019-04-12 00:05:17.567,UTC-0500,km/h,,OSO. 250,2019-04-12 00:05:17.562,com.sec.android.app.shealth,Soleado,0,
0,0a027cd6-d2c9-41fe-87f1-4d4cf9f9e579,19.34342,1,1,eL5K8TBQJK,2019-11-25 00:12:46.265,,3,06582661-016e-44d0-83dd-42e7d0af33ba,0,TWC,19.0,53,14.0,-99.19077,2019-11-25 00:12:46.265,UTC-0500,km/h,,ESE. 110,2019-11-25 00:12:46.264,com.sec.android.app.shealth,Nublado,0,
,0909de1b-7f08-56aa-3bb2-fd813aa57104,19.33996,1,0,hytsFLPcD3,2019-08-31 23:18:21.240,2.0,1,4fe7dec5-ed30-8dd3-1f48-a95e9f1f0d56,,TWC,24.0,22,,-99.190475,2019-08-31 23:18:21.240,UTC+0100,,,,2019-08-31 22:49:54.760,com.sec.android.app.shealth,Soleado,,
,a4ce1955-5e22-6b7d-a849-a1a547a7c52f,19.344233,1,0,hytsFLPcD3,2019-08-15 17:56:03.925,11.0,1,096e8761-7795-17b1-ec69-0fe091e6cb35,,TWC,22.0,49,,-99.19279,2019-08-15 17:56:03.925,UTC+0100,,,,2019-08-15 17:26:31.260,com.sec.android.app.shealth,Soleado,,
,cfd8da1b-6fe9-4178-0d39-1bfba4db58f6,19.34127,1,0,hytsFLPcD3,2019-08-22 23:10:45.616,1.0,3,32011636-f97a-500c-4d73-3b07ea907389,,TWC,19.0,61,,-99.20216,2019-08-22 23:10:45.616,UTC+0100,,,,2019-08-22 22:55:56.270,com.sec.android.app.shealth,Nublado,,
,f3c65546-f22a-ede1-ce14-8f6e01105da4,19.342154,1,0,hytsFLPcD3,2019-10-20 00:42:49.444,0.0,19,1adf2171-e491-e01e-c33e-400ce0966716,,TWC,21.0,64,,-99.19484,2019-10-20 00:42:49.444,UTC+0100,,,,2019-10-20 00:24:54.490,com.sec.android.app.shealth,Parcialmente nublado,,
,b403d416-d51a-8a29-a789-c1d6e70b2907,19.3431,1,0,hytsFLPcD3,2019-08-22 01:27:07.077,0.0,3,026814d8-c31a-dcd9-3750-ef4c7ff6e563,,TWC,19.0,58,,-99.19929,2019-08-22 01:27:07.077,UTC+0100,,,,2019-08-22 01:12:33.460,com.sec.android.app.shealth,Mayormente nublado,,
,ad4fa908-5c2d-88c2-9284-4ce6d3e83642,19.344402,1,0,hytsFLPcD3,2019-12-12 23:09:43.336,0.0,2,95a805b2-d2fe-2dfd-6ec7-05906b667657,,TWC,21.0,27,,-99.20046,2019-12-12 23:09:43.336,UTC+0100,,,,2019-12-12 22:54:26.090,com.sec.android.app.shealth,Parcialmente nublado,,
0,11055663-f8c5-4d3b-8c53-a9c7b6f9dfef,19.346348,1,1,eL5K8TBQJK,2019-06-03 22:35:13.659,,3,6759596b-2148-46f1-9266-ed1a5c2116e0,0,TWC,21.0,59,18.0,-99.19839,2019-06-03 22:35:13.659,UTC-0400,km/h,,NNE. 30,2019-06-03 22:35:13.658,com.sec.android.app.shealth,Nublado,0,
,cace889c-8443-0a82-80c6-228f2d392dc3,19.343807,1,0,hytsFLPcD3,2019-09-05 01:42:29.030,0.0,3,ca08d894-7de4-77a0-9c8f-52e30b582411,,TWC,18.0,66,,-99.19922,2019-09-05 01:42:29.030,UTC+0100,,,,2019-09-05 01:20:43.570,com.sec.android.app.shealth,Nublado,,
0,b5c7c5ba-e39c-4a69-bbf7-cacca6fa6c71,19.347664,1,1,eL5K8TBQJK,2019-10-13 19:03:30.642,,1,11b65ceb-ddaa-4b48-8be0-7d08314dddd5,0,TWC,24.0,49,0.0,-99.2015,2019-10-13 19:03:30.642,UTC-0400,km/h,,NE. 50,2019-10-13 19:03:30.615,com.sec.android.app.shealth,Soleado,0,
0,17102036-909e-4d21-8d38-77854023081a,24.814983,1,1,eL5K8TBQJK,2019-05-11 23:00:46.808,,1,8ad6bcb6-b04b-4f4c-a9cd-2fa167771361,0,TWC,33.0,27,23.0,-107.38839,2019-05-11 23:00:46.808,UTC-0500,km/h,,O. 260,2019-05-11 23:00:46.805,com.sec.android.app.shealth,Soleado,0,
,ccf0b590-23b2-b9a2-5689-03474ae1d6e1,24.815012,1,0,hytsFLPcD3,2019-12-23 21:52:46.428,2.0,1,98b4b8de-3274-dd8f-7294-a05b963525ab,,TWC,31.0,29,,-107.399704,2019-12-23 21:52:46.428,UTC+0100,,,,2019-12-23 21:41:04.000,com.sec.android.app.shealth,Soleado,,
,160da5f7-fbc3-b977-bca6-6e0cb5f092b0,19.342564,1,0,hytsFLPcD3,2019-12-14 18:28:47.354,7.0,1,b5ad2d4f-1df0-202f-c485-c88381f9b0ab,,TWC,21.0,29,,-99.198685,2019-12-14 18:28:47.354,UTC+0100,,,,2019-12-14 18:14:22.440,com.sec.android.app.shealth,Soleado,,
,72431f0f-d7fb-920e-7337-702ecc8622d1,19.342056,1,0,hytsFLPcD3,2019-08-27 01:41:36.362,0.0,3,9a326ec8-46b7-ae47-7068-dffc61028175,,TWC,18.0,64,,-99.19939,2019-08-27 01:41:36.362,UTC+0100,,,,2019-08-27 01:28:56.750,com.sec.android.app.shealth,Nublado,,
,eeb717da-4847-7815-86a2-375ed96781ca,19.344343,1,0,hytsFLPcD3,2019-10-01 15:18:53.010,2.0,2,49daa013-0479-abfa-6aa0-20b42c4fc0c3,,TWC,16.0,77,,-99.191635,2019-10-01 15:18:53.010,UTC+0100,,,,2019-10-01 14:24:12.120,com.sec.android.app.shealth,Parcialmente nublado,,
,455e068d-21b4-f283-c687-97e4d381a514,19.341642,1,0,hytsFLPcD3,2019-11-15 01:37:38.342,0.0,5,1698dc37-f9d2-6a9f-8459-c0c2418ffba0,,TWC,16.0,66,,-99.199455,2019-11-15 01:37:38.342,UTC+0100,,,,2019-11-15 01:22:25.790,com.sec.android.app.shealth,Lluvia,,
0,04a5fd33-cbdc-489f-a40c-6edba1833b2f,24.841497,1,1,eL5K8TBQJK,2019-05-16 13:56:35.859,,1,bb8cee68-39b2-4152-b781-412bb932ad64,0,TWC,19.0,74,5.0,-107.361046,2019-05-16 13:56:35.859,UTC-0500,km/h,,ENE. 70,2019-05-16 13:56:35.856,com.sec.android.app.shealth,Soleado,0,
,97d06cca-9408-48ef-7f8b-36da0e5ece2c,19.34479,1,0,hytsFLPcD3,2019-11-09 23:15:35.333,0.0,3,1d7ba1ba-4c4c-a1a4-5791-51f1e8b18342,,TWC,22.0,40,,-99.19271,2019-11-09 23:15:35.333,UTC+0100,,,,2019-11-09 23:03:23.910,com.sec.android.app.shealth,Mayormente nublado,,
0,7893b35d-f278-4b0d-b64e-11d1b93c5bca,19.341316,1,1,eL5K8TBQJK,2019-06-03 21:14:39.313,,3,7c500ce9-dbae-4ea3-920d-3e27c88d3c65,0,TWC,23.0,50,8.0,-99.19596,2019-06-03 21:14:39.313,UTC-0400,km/h,,N. 0,2019-06-03 21:14:39.305,com.sec.android.app.shealth,Nublado,0,
,57af4792-4e5e-d48c-ce19-2c7d373ee6cd,19.34389,1,0,hytsFLPcD3,2019-12-01 20:41:40.361,4.0,2,d3aff848-b472-f5ca-7f73-320ee39897c6,,TWC,24.0,24,,-99.196945,2019-12-01 20:41:40.361,UTC+0100,,,,2019-12-01 20:22:53.000,com.sec.android.app.shealth,Parcialmente nublado,,
,462a1a8a-5172-b6b2-c15f-307be8308dd5,19.342043,1,0,hytsFLPcD3,2019-09-03 01:42:27.176,0.0,19,b3e1284e-efb2-0fec-f5ce-2f7f7fa2644f,,TWC,18.0,46,,-99.199394,2019-09-03 01:42:27.176,UTC+0100,,,,2019-09-03 01:25:08.510,com.sec.android.app.shealth,Parcialmente nublado,,
,2f5cf87c-0c12-b35e-b2aa-773b06e226c9,19.338144,1,0,hytsFLPcD3,2019-10-19 04:09:21.450,0.0,19,389e0620-e2dc-70fd-439f-d3aa3865d331,,TWC,17.0,75,,-99.19966,2019-10-19 04:09:21.450,UTC+0100,,,,2019-10-19 03:52:59.290,com.sec.android.app.shealth,Parcialmente nublado,,
,3a7cb8ef-9642-02d3-5c84-f864bc8b05a0,19.349287,1,0,hytsFLPcD3,2020-01-14 00:44:58.206,0.0,18,21b0b052-57d6-94a0-350e-8a5ea4b094c3,,TWC,21.0,50,,-99.19737,2020-01-14 00:44:58.206,UTC+0100,,,,2020-01-14 00:14:10.560,com.sec.android.app.shealth,Soleado,,
,2562ae16-bd72-56c8-678f-c1fa49c3554c,19.341698,1,0,hytsFLPcD3,2019-11-07 02:43:22.009,0.0,19,8be4ca0f-c58c-80b2-ab48-4340fd03ef45,,TWC,16.0,68,,-99.19949,2019-11-07 02:43:22.009,UTC+0100,,,,2019-11-07 02:31:32.570,com.sec.android.app.shealth,Parcialmente nublado,,
,06cf440d-9c8d-b4cf-c811-64f5aee189d0,19.336916,1,0,hytsFLPcD3,2019-10-19 03:11:15.815,0.0,3,e3bd9683-2415-a514-40a7-695b8d2a74ca,,TWC,16.0,75,,-99.20206,2019-10-19 03:11:15.815,UTC+0100,,,,2019-10-19 02:53:20.860,com.sec.android.app.shealth,Mayormente nublado,,
,2d1b9f2f-f4a4-5aad-9f45-f34957f27e43,19.34065,1,0,hytsFLPcD3,2019-10-10 01:17:47.584,0.0,3,f6a37e92-b00d-86ee-6d0e-66ef7630e90b,,TWC,19.0,63,,-99.1995,2019-10-10 01:17:47.584,UTC+0100,,,,2019-10-10 01:00:51.660,com.sec.android.app.shealth,Mayormente nublado,,
,84ce878c-b383-6a24-92e7-a442ea7dfb6b,19.342104,1,0,hytsFLPcD3,2019-09-08 20:06:26.499,11.0,1,2e36c9c4-f500-56cb-a5c4-5bac4133275e,,TWC,22.0,41,,-99.195465,2019-09-08 20:06:26.499,UTC+0100,,,,2019-09-08 19:50:31.030,com.sec.android.app.shealth,Soleado,,
,2c62cc79-f03d-300a-58ac-35920154156b,19.334974,1,0,hytsFLPcD3,2019-08-13 16:52:20.398,9.0,2,f0a8ddfb-6e0b-39dd-3f13-4a12ff68c576,,TWC,21.0,56,,-99.201195,2019-08-13 16:52:20.398,UTC+0100,,,,2019-08-13 16:30:31.890,com.sec.android.app.shealth,Parcialmente nublado,,
0,ebaa3666-8fca-4ea9-9cf9-84c39697095c,24.841328,1,1,eL5K8TBQJK,2019-05-23 13:35:20.709,,1,4b484681-e6ad-457f-bc67-148ec82be952,0,TWC,19.0,75,0.0,-107.36358,2019-05-23 13:35:20.709,UTC-0500,km/h,,N. 10,2019-05-23 13:35:20.707,com.sec.android.app.shealth,Soleado,0,
,2c119d32-b2a8-caab-9b28-c65755596196,19.34211,1,0,hytsFLPcD3,2019-11-26 02:39:06.308,0.0,18,fc285c01-626b-1f0d-aa45-cdfd5ce3b6b8,,TWC,17.0,62,,-99.19953,2019-11-26 02:39:06.308,UTC+0100,,,,2019-11-26 02:26:11.620,com.sec.android.app.shealth,Despejado,,
,e854d305-2465-5808-7030-aec6ab4b9e3e,19.342342,1,0,hytsFLPcD3,2019-09-07 22:02:40.346,3.0,3,fec1e13c-2bc9-5a80-1c02-2c3792204334,,TWC,21.0,59,,-99.193474,2019-09-07 22:02:40.346,UTC+0100,,,,2019-09-07 21:45:48.040,com.sec.android.app.shealth,Mayormente nublado,,
,66ba2997-ac62-4edc-f27b-9969c195b34a,19.34108,1,0,hytsFLPcD3,2019-12-03 22:34:07.361,1.0,1,d3ecfaab-e516-4dc1-d070-7de8fca63bf6,,TWC,23.0,23,,-99.19123,2019-12-03 22:34:07.361,UTC+0100,,,,2019-12-03 22:07:22.480,com.sec.android.app.shealth,Soleado,,
0,09eb8cd5-be9f-47d9-885b-c9c043d6f655,24.815224,1,1,eL5K8TBQJK,2019-05-17 00:29:54.661,,1,8205c558-4c54-409a-89e3-75cfcd2958be,0,TWC,30.0,33,14.0,-107.38876,2019-05-17 00:29:54.661,UTC-0500,km/h,,SO. 230,2019-05-17 00:29:54.658,com.sec.android.app.shealth,Soleado,0,
0,55255c56-aab9-4674-903e-f1195ca0e832,19.440065,1,1,eL5K8TBQJK,2019-06-04 17:10:26.648,,3,6ebcd315-bda7-478b-b9e9-303da83e84b0,0,TWC,21.0,64,5.0,-99.2015,2019-06-04 17:10:26.648,UTC-0400,km/h,,ESE. 120,2019-06-04 17:10:26.643,com.sec.android.app.shealth,Muy nublado,0,
0,bc529059-6b98-4d87-a3d9-f79396335924,19.34483,1,1,eL5K8TBQJK,2019-10-01 13:31:38.532,,2,aa54fb80-0ffc-4b6f-a059-946ed25da16d,0,TWC,14.0,83,10.0,-99.19932,2019-10-01 13:31:38.532,UTC-0400,km/h,,E. 100,2019-10-01 13:31:38.528,com.sec.android.app.shealth,Parcialmente nublado,0,
,11bd1550-b7ae-fe26-137c-6391603c5975,19.343594,1,0,hytsFLPcD3,2020-02-23 17:03:41.482,7.0,1,ac883490-e69d-8bf3-a056-5dca81ff2dc8,,TWC,21.0,38,,-99.197426,2020-02-23 17:03:41.482,UTC-0500,,,,2020-02-23 16:47:08.620,com.sec.android.app.shealth,Soleado,,
,54d09387-4e48-ecb5-e8ff-8ec16e16e1a6,19.343945,1,0,hytsFLPcD3,2019-11-13 22:16:45.312,1.0,3,80b3d5f5-2a0c-11fc-4201-5cdf581bf525,,TWC,19.0,45,,-99.19934,2019-11-13 22:16:45.312,UTC+0100,,,,2019-11-13 22:04:03.800,com.sec.android.app.shealth,Mayormente nublado,,
,09efcc94-a07d-0ca0-bebd-483dfaa8db98,19.343838,1,0,hytsFLPcD3,2020-02-23 19:01:29.161,10.0,1,2a02efb7-0d66-0cd1-79da-788f0c3f16e6,,TWC,25.0,36,,-99.19712,2020-02-23 19:01:29.161,UTC-0500,,,,2020-02-23 18:38:44.130,com.sec.android.app.shealth,Soleado,,
,a16760a1-bca4-6d50-fa6a-ff37c0b0aa46,19.335773,1,0,hytsFLPcD3,2020-02-26 02:14:10.015,0.0,3,7badf874-52a1-260a-b43a-2f4323d1c6bd,,TWC,19.0,27,,-99.198616,2020-02-26 02:14:10.015,UTC-0500,,,,2020-02-26 01:35:58.230,com.sec.android.app.shealth,Mayormente nublado,,
,b8b17cf7-7953-f996-7e05-544d2ea5dc38,19.335133,1,0,hytsFLPcD3,2020-02-26 02:36:31.223,0.0,19,e935d3f7-ea1b-ddf0-d2da-6432dc3090e1,,TWC,18.0,27,,-99.19844,2020-02-26 02:36:31.223,UTC-0500,,,,2020-02-26 02:15:29.770,com.sec.android.app.shealth,Parcialmente nublado,,
,8c761f75-e1eb-c528-5b7b-3fe8688a796e,19.336885,1,0,hytsFLPcD3,2020-02-29 03:58:11.289,0.0,18,153ba54e-a9e2-a0df-a1fd-5e5d949f577f,,TWC,16.0,52,,-99.201584,2020-02-29 03:58:11.289,UTC-0500,,,,2020-02-29 03:42:41.020,com.sec.android.app.shealth,Despejado,,
,c4cdb752-d953-45d1-1883-7ef467fb758a,19.34363,1,0,hytsFLPcD3,2020-03-01 18:19:26.513,10.0,1,5ad008f6-9558-6a2e-84a8-d63a3a847650,,TWC,24.0,25,,-99.197716,2020-03-01 18:19:26.513,UTC-0500,,,,2020-03-01 17:56:40.570,com.sec.android.app.shealth,Soleado,,
,0e9dac30-fa5b-d26a-994d-df3898934921,19.34404,1,0,hytsFLPcD3,2019-09-01 17:03:51.607,10.0,1,a15b0b5a-8ef0-57ff-474d-4059d3f44480,,TWC,19.0,42,,-99.19674,2019-09-01 17:03:51.607,UTC+0100,,,,2019-09-01 16:49:49.290,com.sec.android.app.shealth,Soleado,,
,3c857b4d-b900-fb0e-8505-233b4e8eb87e,19.361694,1,0,hytsFLPcD3,2019-08-24 20:20:53.942,10.0,2,a97c6594-5ae9-aab7-aa0f-ede7fc1272bf,,TWC,23.0,47,,-99.192215,2019-08-24 20:20:53.942,UTC+0100,,,,2019-08-24 20:09:12.150,com.sec.android.app.shealth,Parcialmente nublado,,
,788f30ae-24bc-80c1-0705-83ab56760367,19.341322,1,0,hytsFLPcD3,2020-03-07 00:18:52.298,0.0,3,e7c34297-3657-377e-f194-4e7e789201e7,,TWC,19.0,39,,-99.19964,2020-03-07 00:18:52.298,UTC-0500,,,,2020-03-07 00:06:03.170,com.sec.android.app.shealth,Mayormente nublado,,
0,6adb2b8e-2ac2-4d3f-b303-91d330f2a2f0,19.34057,1,1,eL5K8TBQJK,2019-09-29 18:17:00.540,,5,5b22b909-f3b4-4271-a587-a406e346b67d,0,TWC,19.0,72,13.0,-99.19951,2019-09-29 18:17:00.540,UTC-0400,km/h,,SE. 130,2019-09-29 18:17:00.535,com.sec.android.app.shealth,Lluvia débil,0,
,ecce2c3f-c944-f9f9-a342-9544bab5c335,19.4064,1,0,hytsFLPcD3,2020-03-07 03:01:47.378,0.0,18,008399f9-4282-a2a7-37d1-615937bbedc6,,TWC,13.0,54,,-99.09702,2020-03-07 03:01:47.378,UTC-0500,,,,2020-03-07 02:23:24.610,com.sec.android.app.shealth,Despejado,,
,119ace6b-ade9-49a9-5d02-1315522daab0,19.340538,1,0,hytsFLPcD3,2020-03-10 00:55:31.286,0.0,3,0624edbb-e8fc-bdb7-82fb-65fd41a308cf,,TWC,23.0,37,,-99.199524,2020-03-10 00:55:31.286,UTC-0500,,,,2020-03-10 00:39:53.450,com.sec.android.app.shealth,Mayormente nublado,,
,ddde7996-e3aa-9f6f-a52a-465b1271d1d4,19.34351,1,0,hytsFLPcD3,2020-03-14 00:40:55.321,0.0,3,4084a13f-d3e2-aa97-ad8b-058c192e2926,,TWC,24.0,38,,-99.199196,2020-03-14 00:40:55.321,UTC-0500,,,,2020-03-14 00:25:55.610,com.sec.android.app.shealth,Nublado,,
0,baf3d6a5-e7a5-43a2-b859-078e0ca70533,19.432816,1,1,eL5K8TBQJK,2019-04-10 22:48:05.038,,1,7677d4c1-c778-4c96-b11c-68fc94d28b0e,0,TWC,26.0,16,10.0,-99.08631,2019-04-10 22:48:05.038,UTC-0400,km/h,,ENE. 70,2019-04-10 22:48:05.033,com.sec.android.app.shealth,Soleado,0,
,69775a11-b05f-858b-71ff-465481156aec,19.405249,1,0,hytsFLPcD3,2020-03-16 05:54:30.142,0.0,3,b655e7f7-c6f5-165a-e7db-5c1b6d4a3ffd,,TWC,17.0,57,,-99.093544,2020-03-16 05:54:30.142,UTC-0500,,,,2020-03-16 05:30:32.800,com.sec.android.app.shealth,Nublado,,
,4edf34a1-25e1-6459-3fe7-f521ed6cdad5,19.344152,1,0,hytsFLPcD3,2020-03-10 14:49:58.991,2.0,1,4ecfb7db-28a0-17b0-957c-beb9e66e23a5,,TWC,13.0,64,,-99.19954,2020-03-10 14:49:58.991,UTC-0500,,,,2020-03-10 14:33:45.570,com.sec.android.app.shealth,Soleado,,
,d5a6e502-58d4-2946-ad04-7c2e3db51c23,19.342024,1,0,hytsFLPcD3,2019-09-04 02:49:11.456,0.0,19,bfbe9136-6aff-de83-7d58-25d3ffd2c26f,,TWC,18.0,58,,-99.19594,2019-09-04 02:49:11.456,UTC+0100,,,,2019-09-04 02:32:05.630,com.sec.android.app.shealth,Parcialmente nublado,,
,af130fc6-c9fb-6d17-6fa1-ca631d1c826b,19.344189,1,0,hytsFLPcD3,2019-09-08 17:18:45.617,11.0,2,ef97c4d3-9f2c-71ff-2a87-cc6d33949b70,,TWC,19.0,56,,-99.19673,2019-09-08 17:18:45.617,UTC+0100,,,,2019-09-08 16:51:43.980,com.sec.android.app.shealth,Parcialmente nublado,,
,c7aa118b-f405-a348-5e01-68e0d5358c21,19.361364,1,0,hytsFLPcD3,2020-03-15 18:40:50.202,11.0,1,e1783bc1-a6f7-a281-2c94-1837ac6b2d1a,,TWC,23.0,30,,-99.27334,2020-03-15 18:40:50.202,UTC-0500,,,,2020-03-15 18:22:42.100,com.sec.android.app.shealth,Soleado,,
,105623a1-1ba5-34c8-ae85-7f339a295179,19.344782,1,0,hytsFLPcD3,2019-09-05 11:58:03.336,0.0,19,154d5afc-2c93-3efb-2fea-bd67ddb8c9f4,,TWC,14.0,81,,-99.199196,2019-09-05 11:58:03.336,UTC+0100,,,,2019-09-05 11:46:07.270,com.sec.android.app.shealth,Parcialmente nublado,,
,a86d9681-973d-34ea-8ba9-213e75a95b8c,24.820913,1,0,hytsFLPcD3,2019-12-18 02:47:05.470,0.0,18,ba6717d6-542e-6509-60ec-09c25b9b00f6,,TWC,19.0,73,,-107.388916,2019-12-18 02:47:05.470,UTC+0100,,,,2019-12-18 02:26:53.764,com.sec.android.app.shealth,Despejado,,
,8591082c-20b3-42af-f3eb-b4b49f95d55b,19.408298,1,0,hytsFLPcD3,2020-03-16 06:08:26.546,0.0,3,53fa9e2b-e462-3c65-f4f2-41200f07d9bf,,TWC,16.0,59,,-99.08885,2020-03-16 06:08:26.546,UTC-0500,,,,2020-03-16 05:56:36.380,com.sec.android.app.shealth,Nublado,,
0,365d7924-cf00-4d14-9389-561d26654d36,24.816252,1,1,eL5K8TBQJK,2019-06-26 23:35:46.645,,1,1169c6c4-8dc5-47ea-a2d4-182c6b59d3f1,0,TWC,36.0,28,16.0,-107.38767,2019-06-26 23:35:46.645,UTC-0500,km/h,,SO. 230,2019-06-26 23:35:46.640,com.sec.android.app.shealth,Soleado,0,
,13322ef2-5ddc-91af-4da6-d24d9c6f01e5,19.343618,1,0,hytsFLPcD3,2019-11-06 15:05:22.437,2.0,2,ca7dce83-afbf-45d5-3f19-88d2ca5756ca,,Accuweather,13.5,79,7.0,-99.199326,2019-11-06 15:05:22.437,UTC+0100,km/h,,ONO,2019-11-06 14:53:13.180,com.sec.android.app.shealth,Parcialmente soleado,,
,06b20199-45a6-3d16-31e3-8d7b4e8bb6ad,19.343147,1,0,hytsFLPcD3,2019-10-27 19:37:18.141,6.0,3,06339026-1521-54ee-992c-ac8a015a940b,,TWC,22.0,51,,-99.19845,2019-10-27 19:37:18.141,UTC+0100,,,,2019-10-27 19:19:55.320,com.sec.android.app.shealth,Mayormente nublado,,
,71486845-83fe-9d9d-a196-afc3fb3d40a0,19.34137,1,0,hytsFLPcD3,2019-09-09 18:08:32.927,8.0,3,b9d03d8b-85d3-9bf3-6a78-086f4e5443ad,,TWC,22.0,46,,-99.199585,2019-09-09 18:08:32.927,UTC+0100,,,,2019-09-09 17:56:38.870,com.sec.android.app.shealth,Mayormente nublado,,
0,76b1beba-5a37-43ef-87b6-939bded9aa1e,19.434109,1,1,eL5K8TBQJK,2019-04-10 21:01:12.666,,1,dac31c96-a201-4f11-ada8-3e98d6a78ae4,0,TWC,26.0,14,14.0,-99.19735,2019-04-10 21:01:12.666,UTC-0400,km/h,,N. 10,2019-04-10 21:01:12.664,com.sec.android.app.shealth,Soleado,0,
,43597a31-dfa5-d6ad-e6a6-dc498c44803e,19.343151,1,0,hytsFLPcD3,2019-11-20 22:56:57.311,0.0,3,1134b141-a517-8b8b-b998-2daccb31b243,,TWC,22.0,40,,-99.19917,2019-11-20 22:56:57.311,UTC+0100,,,,2019-11-20 22:42:13.880,com.sec.android.app.shealth,Mayormente nublado,,
0,551e0c31-63a4-4b34-9403-8e328c853948,19.440798,1,1,eL5K8TBQJK,2019-04-10 16:38:14.579,,1,238e85e1-5930-4949-8665-380a7ce7512f,0,TWC,21.0,27,0.0,-99.20458,2019-04-10 16:38:14.579,UTC-0400,km/h,,ENE. 60,2019-04-10 16:38:14.577,com.sec.android.app.shealth,Soleado,0,
,429e4a58-6933-302f-4153-ead7855972aa,19.344204,1,0,hytsFLPcD3,2019-08-29 00:02:41.566,1.0,2,cba4d9a1-6c06-5ca3-1a64-bff24282f39a,,TWC,22.0,43,,-99.19967,2019-08-29 00:02:41.566,UTC+0100,,,,2019-08-28 23:43:44.660,com.sec.android.app.shealth,Parcialmente nublado,,
,53300d01-723f-eba5-61d8-85f19196c44e,19.342453,1,0,hytsFLPcD3,2019-08-25 17:13:44.776,7.0,3,b4b15c36-5c57-b2f3-98f3-1bbcfe9d34a6,,TWC,21.0,55,,-99.19335,2019-08-25 17:13:44.776,UTC+0100,,,,2019-08-25 16:53:14.620,com.sec.android.app.shealth,Mayormente nublado,,
,9b23a002-0e6f-9b07-dd2d-a7fe8121e3c0,19.342398,1,0,hytsFLPcD3,2019-08-30 23:23:36.380,1.0,3,c250e1a3-c829-469f-10c4-51194b253f96,,TWC,22.0,37,,-99.20081,2019-08-30 23:23:36.380,UTC+0100,,,,2019-08-30 23:03:42.080,com.sec.android.app.shealth,Mayormente nublado,,
,ac6f01bb-0fa3-c849-a877-cf014fc19696,19.343084,1,0,hytsFLPcD3,2019-11-08 18:03:47.804,8.0,2,a72a1857-52b3-a5e2-4019-1f7904f18698,,TWC,18.0,53,,-99.19936,2019-11-08 18:03:47.804,UTC+0100,,,,2019-11-08 17:50:32.960,com.sec.android.app.shealth,Parcialmente nublado,,
,b4707f9b-26fa-8905-c07e-ea56e29e5430,19.343815,1,0,hytsFLPcD3,2019-12-16 00:07:24.764,0.0,1,f2e4dbd6-7a42-5632-8add-13d9cfca18ad,,TWC,19.0,34,,-99.197136,2019-12-16 00:07:24.764,UTC+0100,,,,2019-12-15 23:53:08.960,com.sec.android.app.shealth,Soleado,,
,10a5ebdb-14d0-6ea2-d5fd-b5a409f0ed58,19.343246,1,0,hytsFLPcD3,2019-11-21 02:28:41.337,0.0,19,1625d91a-a9e1-a24e-d025-3bb247afc55e,,TWC,17.0,62,,-99.19929,2019-11-21 02:28:41.337,UTC+0100,,,,2019-11-21 02:13:13.070,com.sec.android.app.shealth,Parcialmente nublado,,
,ac3e7ad1-efb4-fa5b-aa2a-a3625ecfc646,19.35851,1,0,hytsFLPcD3,2019-08-09 18:26:41.270,11.0,1,713188cb-613e-592b-968f-e57a5e4af29b,,TWC,23.0,59,,-99.191154,2019-08-09 18:26:41.270,UTC+0100,,,,2019-08-09 18:10:50.490,com.sec.android.app.shealth,Soleado,,
,21e18e4d-f957-1798-b527-b820a30062c2,19.340912,1,0,hytsFLPcD3,2019-09-02 20:20:51.364,10.0,2,475a7d5d-eb94-a5bf-22f3-3c2181b934e6,,TWC,23.0,33,,-99.199776,2019-09-02 20:20:51.364,UTC+0100,,,,2019-09-02 20:09:19.820,com.sec.android.app.shealth,Parcialmente nublado,,
,a1a1f6fb-de67-c2dd-d62d-9dc392ced264,20.914198,1,0,hytsFLPcD3,2019-11-02 01:01:19.843,0.0,18,65c8c69c-a189-d27b-adc0-6cd84dafbf53,,TWC,20.0,56,,-100.73896,2019-11-02 01:01:19.843,UTC+0100,,,,2019-11-02 00:38:19.450,com.sec.android.app.shealth,Despejado,,
0,cd877ab8-83ed-459f-99aa-ea9fc956115c,19.360628,1,1,eL5K8TBQJK,2019-07-27 03:29:15.829,,3,2e8223e5-89a8-416f-b5bf-29a582b00012,0,TWC,13.0,89,11.0,-99.2755,2019-07-27 03:29:15.829,UTC-0400,km/h,,O. 280,2019-07-27 03:29:15.826,com.sec.android.app.shealth,Nublado,0,
,bd1b252c-60a1-0f1d-2863-65d17d19ce62,19.343893,1,0,hytsFLPcD3,2019-08-25 16:07:38.856,7.0,1,4c428900-91dd-7664-504d-b3f7208308ef,,TWC,21.0,63,,-99.19705,2019-08-25 16:07:38.856,UTC+0100,,,,2019-08-25 15:52:52.470,com.sec.android.app.shealth,Soleado,,
,94886d2a-fc49-a7e0-3f27-1f24482e2ace,19.341654,1,0,hytsFLPcD3,2019-08-17 19:57:56.428,11.0,2,4494521a-0324-3a88-9e04-6462abaaccd2,,TWC,24.0,45,,-99.19294,2019-08-17 19:57:56.428,UTC+0100,,,,2019-08-17 19:35:27.290,com.sec.android.app.shealth,Parcialmente nublado,,
,d53cfc6c-6be6-34b2-e4d1-1ab8cd281d77,19.343342,1,0,hytsFLPcD3,2019-12-01 19:08:54.897,7.0,1,323a5b50-f5e6-1af8-e907-fdbf43f78a8a,,TWC,24.0,38,,-99.19821,2019-12-01 19:08:54.897,UTC+0100,,,,2019-12-01 18:52:02.920,com.sec.android.app.shealth,Soleado,,
,0d64d0bb-cd3e-d692-0589-e3f498dbc9dd,19.34322,1,0,hytsFLPcD3,2019-08-28 23:18:59.567,2.0,2,7fcff0c6-50aa-0a33-8cab-0500c39a4aef,,TWC,23.0,38,,-99.19923,2019-08-28 23:18:59.567,UTC+0100,,,,2019-08-28 23:02:58.480,com.sec.android.app.shealth,Parcialmente nublado,,
,8491a9d8-0242-6548-4a8e-0d689d948fcd,19.37257,1,0,hytsFLPcD3,2019-09-05 23:06:35.804,0.0,3,e3cbac21-0fe4-396a-96dd-8317481fb45b,,TWC,22.0,45,,-99.18709,2019-09-05 23:06:35.804,UTC+0100,,,,2019-09-05 22:50:33.490,com.sec.android.app.shealth,Nublado,,
,c54b719a-20f0-1fe6-9621-6b8ad07eac9b,19.344393,1,0,hytsFLPcD3,2020-01-14 00:07:48.061,0.0,1,57d3e71c-9882-f7fd-bffe-0cd2f320d940,,TWC,22.0,32,,-99.198906,2020-01-14 00:07:48.061,UTC+0100,,,,2020-01-13 23:27:21.710,com.sec.android.app.shealth,Soleado,,
,2a1c4458-2a71-87ba-0fd6-2715a79649fa,19.34452,1,0,hytsFLPcD3,2019-11-21 13:05:31.297,0.0,1,adbdccd5-8577-f17c-b143-9197c1f31f20,,TWC,12.0,77,,-99.199,2019-11-21 13:05:31.297,UTC+0100,,,,2019-11-21 12:52:06.020,com.sec.android.app.shealth,Despejado,,
,6abad96d-c247-3a66-fa2b-9ea1b8aa8e26,19.342815,1,0,hytsFLPcD3,2019-09-27 16:41:25.914,8.0,1,81e2a412-5274-7b3f-e59b-3f7322f64dc1,,TWC,19.0,54,,-99.19938,2019-09-27 16:41:25.914,UTC+0100,,,,2019-09-27 16:22:57.330,com.sec.android.app.shealth,Soleado,,
,ed5ebdbe-f6b6-7ddd-9978-9343f83fb754,19.34194,1,0,hytsFLPcD3,2019-09-04 01:02:16.635,0.0,3,3be29986-a722-3a26-f01a-f858e567f9e6,,TWC,21.0,56,,-99.194725,2019-09-04 01:02:16.635,UTC+0100,,,,2019-09-04 00:37:53.610,com.sec.android.app.shealth,Mayormente nublado,,
,1671b0b2-063c-cf91-e532-e9c32cec25e2,19.37059,1,0,hytsFLPcD3,2019-08-09 17:55:52.882,8.0,3,7e00da89-ce8b-2a83-f2c2-16eb2a893a11,,TWC,21.0,54,,-99.185455,2019-08-09 17:55:52.882,UTC+0100,,,,2019-08-09 17:24:29.200,com.sec.android.app.shealth,Mayormente nublado,,
,049e19a0-462b-3e87-3353-adca99df2a51,19.344236,1,0,hytsFLPcD3,2019-10-24 12:04:22.495,0.0,3,51cddf8e-6287-ac9c-efb2-718f03fff01b,,TWC,12.0,86,,-99.19958,2019-10-24 12:04:22.495,UTC+0100,,,,2019-10-24 11:52:26.070,com.sec.android.app.shealth,Mayormente nublado,,
,722415e7-5eb7-55d2-47a7-de91b9cae40e,19.342676,1,0,hytsFLPcD3,2019-09-06 18:59:20.300,9.0,3,7ee82198-b6b1-1bfc-a81e-d0cd890c76f2,,TWC,23.0,43,,-99.1994,2019-09-06 18:59:20.300,UTC+0100,,,,2019-09-06 18:46:27.270,com.sec.android.app.shealth,Mayormente nublado,,
,a08eb3a3-da8b-da82-49c2-163ad1a2dd2c,19.343975,1,0,hytsFLPcD3,2019-09-08 16:07:02.480,7.0,1,25a50269-9dfb-aa28-226a-a5894b22fbd7,,TWC,19.0,65,,-99.19697,2019-09-08 16:07:02.480,UTC+0100,,,,2019-09-08 15:51:03.980,com.sec.android.app.shealth,Soleado,,
,0b049b01-9ac0-0e64-c94a-77c8eb16e56a,19.341446,1,0,hytsFLPcD3,2019-08-23 18:14:46.333,9.0,3,b17d2639-730c-ecaf-f339-f57c0ea552ea,,TWC,24.0,54,,-99.2005,2019-08-23 18:14:46.333,UTC+0100,,,,2019-08-23 18:02:36.740,com.sec.android.app.shealth,Mayormente nublado,,
,5962986a-5e45-1d30-20d7-afaf77beee2e,19.34283,1,0,hytsFLPcD3,2019-12-13 20:39:23.504,5.0,1,cede701b-dd1e-c77a-b274-8d211a8bd477,,TWC,22.0,29,,-99.19923,2019-12-13 20:39:23.504,UTC+0100,,,,2019-12-13 20:24:28.620,com.sec.android.app.shealth,Soleado,,
,8a4adc90-06f8-5e52-d807-753e4f5b594c,24.822664,1,0,hytsFLPcD3,2019-12-21 02:08:02.402,0.0,18,0400b7a0-1d90-3bd5-5566-55724592d149,,TWC,21.0,63,,-107.38117,2019-12-21 02:08:02.402,UTC+0100,,,,2019-12-21 01:53:05.430,com.sec.android.app.shealth,Despejado,,
,2f31ecde-3631-545f-cf8c-346bbca2d21c,19.341162,1,0,hytsFLPcD3,2019-11-28 14:46:04.431,1.0,1,195aa492-ccdc-b1c2-8a8b-475b51e64b18,,TWC,12.0,64,,-99.199615,2019-11-28 14:46:04.431,UTC+0100,,,,2019-11-28 14:32:36.320,com.sec.android.app.shealth,Soleado,,
,a83e4d10-6640-a03c-1c8a-8b881855e392,19.360632,1,0,hytsFLPcD3,2019-07-25 21:06:12.776,4.0,5,ddadafec-cbcf-aa6e-74c4-e31d7476e988,,TWC,15.0,70,,-99.27482,2019-07-25 21:06:12.776,UTC+0100,,,,2019-07-25 20:52:16.240,com.sec.android.app.shealth,Tormentas,,
,218fb623-a50c-49dc-e1a8-52119b11e692,19.342178,1,0,hytsFLPcD3,2019-10-17 01:24:13.424,0.0,3,9ede90d5-7d80-0ee1-1085-46e5a87ba5ce,,TWC,16.0,73,,-99.1995,2019-10-17 01:24:13.424,UTC+0100,,,,2019-10-17 01:11:42.390,com.sec.android.app.shealth,Nublado,,
,8e4bbe43-1613-fd6a-c874-5e2b1d7e86da,19.341583,1,0,hytsFLPcD3,2019-12-14 21:41:58.628,3.0,1,91b229ca-4870-9917-88b1-6fcd8b5e4167,,TWC,23.0,20,,-99.19381,2019-12-14 21:41:58.628,UTC+0100,,,,2019-12-14 21:28:29.140,com.sec.android.app.shealth,Soleado,,
,daf3cfc2-5d1a-3f6e-7810-1c41a56383a4,24.817522,1,0,hytsFLPcD3,2019-12-21 01:52:48.200,0.0,18,e645aba0-cac5-76b2-4d4f-b3d8f75252c5,,TWC,22.0,61,,-107.38751,2019-12-21 01:52:48.200,UTC+0100,,,,2019-12-21 01:31:07.673,com.sec.android.app.shealth,Despejado,,
,8c8a95f3-7f70-80f3-c490-eb757c77ba0c,19.34251,1,0,hytsFLPcD3,2019-12-14 17:25:20.340,5.0,1,2a8e49ae-22c8-c7e1-77c3-e780501ebfdb,,TWC,18.0,30,,-99.198685,2019-12-14 17:25:20.340,UTC+0100,,,,2019-12-14 17:00:34.790,com.sec.android.app.shealth,Soleado,,
,02cce626-6ffc-f63e-045f-3601a693938e,19.344057,1,0,hytsFLPcD3,2019-11-10 00:08:07.976,0.0,19,b3e89973-c2d6-0988-219b-6a392ac77d30,,TWC,19.0,47,,-99.19669,2019-11-10 00:08:07.976,UTC+0100,,,,2019-11-09 23:51:57.760,com.sec.android.app.shealth,Parcialmente nublado,,
,53c30323-9b66-c2dd-44ef-597a34749e99,19.342377,1,0,hytsFLPcD3,2019-08-24 18:25:34.528,11.0,2,f2c56af8-07c1-38aa-e5f3-7772359bbbc0,,TWC,22.0,53,,-99.193275,2019-08-24 18:25:34.528,UTC+0100,,,,2019-08-24 18:01:34.890,com.sec.android.app.shealth,Parcialmente nublado,,
0,72553ec5-da83-49b5-ae99-370a281d9584,24.841314,1,1,eL5K8TBQJK,2019-05-23 14:30:05.124,,1,e2a7d17e-0570-48d1-9858-40d1955a0b46,0,TWC,23.0,59,0.0,-107.36362,2019-05-23 14:30:05.124,UTC-0500,km/h,,NNO. 340,2019-05-23 14:30:05.123,com.sec.android.app.shealth,Soleado,0,
,180df2d8-753f-24a9-2b87-3bdd8f0e62f0,19.342587,1,0,hytsFLPcD3,2019-08-11 17:08:43.489,10.0,2,bd7f5fa2-343c-c4ab-2403-4530aa1716cb,,TWC,21.0,59,,-99.19806,2019-08-11 17:08:43.489,UTC+0100,,,,2019-08-11 16:49:14.000,com.sec.android.app.shealth,Parcialmente nublado,,
0,a23df820-fb49-44fb-bf7f-83c007069ba3,24.841454,1,1,eL5K8TBQJK,2019-05-23 14:15:13.031,,1,6ddfd6d6-8804-4356-9659-f0454310f0ed,0,TWC,22.0,63,0.0,-107.36141,2019-05-23 14:15:13.031,UTC-0500,km/h,,N. 0,2019-05-23 14:15:13.029,com.sec.android.app.shealth,Soleado,0,
0,34d59d5f-1a68-41d5-a4ee-7c90f2922db0,24.81787,1,1,eL5K8TBQJK,2019-05-11 22:25:22.286,,1,87f451ad-ddeb-4cd9-802d-5cf0fb76085d,0,TWC,33.0,26,23.0,-107.38993,2019-05-11 22:25:22.286,UTC-0500,km/h,,OSO. 240,2019-05-11 22:25:22.284,com.sec.android.app.shealth,Soleado,0,
,10452dba-381a-7f28-4ad8-addf09cf12f9,19.346342,1,0,hytsFLPcD3,2019-08-09 16:30:31.845,4.0,3,98d1d065-c2eb-d1ef-7617-b4b3c67d5a48,,TWC,19.0,77,,-99.19525,2019-08-09 16:30:31.845,UTC+0100,,,,2019-08-09 15:21:47.310,com.sec.android.app.shealth,Mayormente nublado,,
,06c7a543-b142-f392-bedc-6246c7157be6,19.344276,1,0,hytsFLPcD3,2019-10-29 13:03:58.884,0.0,3,705890e4-fdf7-e9ed-0988-c4266f6aae4c,,TWC,14.0,88,,-99.19973,2019-10-29 13:03:58.884,UTC+0100,,,,2019-10-29 12:52:22.600,com.sec.android.app.shealth,Mayormente nublado,,
,e731801b-ffe0-c65f-6399-a86e97dac712,19.344107,1,0,hytsFLPcD3,2019-10-22 15:15:10.227,1.0,3,b363507f-463f-4690-3ab7-f7483c7e678d,,TWC,17.0,79,,-99.1994,2019-10-22 15:15:10.227,UTC+0100,,,,2019-10-22 15:02:24.300,com.sec.android.app.shealth,Nublado,,
,a5d1ab70-4792-e764-ef73-0e989577912b,19.343447,1,0,hytsFLPcD3,2019-08-17 20:26:05.760,8.0,3,6f18f52f-c170-6dcb-1588-1ed4e4543fef,,TWC,24.0,41,,-99.184296,2019-08-17 20:26:05.760,UTC+0100,,,,2019-08-17 19:58:00.590,com.sec.android.app.shealth,Mayormente nublado,,
,2b679f6f-6104-0729-b103-9b056115646d,19.344137,1,0,hytsFLPcD3,2019-09-03 19:11:52.530,11.0,2,9cd0d250-fbdf-461f-0bf2-9368b8ab14b9,,TWC,22.0,41,,-99.19959,2019-09-03 19:11:52.530,UTC+0100,,,,2019-09-03 18:57:42.850,com.sec.android.app.shealth,Parcialmente nublado,,
,0b0bb776-ac5a-d77b-a756-d002a091be8f,19.340351,1,0,hytsFLPcD3,2019-08-31 22:22:17.159,5.0,1,b3a5dcbc-3c6e-086e-c6ec-7d85b1dc0d0d,,TWC,27.0,34,,-99.198044,2019-08-31 22:22:17.159,UTC+0100,,,,2019-08-31 21:47:28.860,com.sec.android.app.shealth,Soleado,,
,98cb8d03-9bb5-83de-d2e6-b3fc3cdbec8a,19.344223,1,0,hytsFLPcD3,2019-12-12 22:43:21.896,0.0,3,b5f71925-0987-c7c7-c6e7-11b70d75e868,,TWC,21.0,27,,-99.19641,2019-12-12 22:43:21.896,UTC+0100,,,,2019-12-12 22:29:15.840,com.sec.android.app.shealth,Mayormente nublado,,
0,0599784c-d97c-4015-9460-78f989ff275f,24.822325,1,1,eL5K8TBQJK,2019-06-19 01:31:57.642,,2,f3278ac6-de4e-4554-a816-1525277bd65d,0,TWC,32.0,42,18.0,-107.388985,2019-06-19 01:31:57.642,UTC-0500,km/h,,OSO. 240,2019-06-19 01:31:57.640,com.sec.android.app.shealth,Parcialmente nublado,0,
0,298cdd62-c6ec-4ae5-acc2-6cd070ccf56d,19.341467,1,1,eL5K8TBQJK,2019-10-13 18:25:00.063,,1,48cc17f7-2740-4d02-9632-a696374bed22,0,TWC,24.0,54,0.0,-99.18961,2019-10-13 18:25:00.063,UTC-0400,km/h,,NE. 50,2019-10-13 18:25:00.060,com.sec.android.app.shealth,Soleado,0,
,b96527ce-ff4a-6a7b-92a0-fb6f65b0fccc,19.343147,1,0,hytsFLPcD3,2019-11-21 15:09:40.989,1.0,3,561297aa-6d99-b1b0-5671-eadaae31f9df,,TWC,16.0,67,,-99.199295,2019-11-21 15:09:40.989,UTC+0100,,,,2019-11-21 14:57:13.260,com.sec.android.app.shealth,Mayormente nublado,,
,1d50ba23-ca15-826b-58b4-a639b602b645,19.341673,1,0,hytsFLPcD3,2019-12-12 20:20:23.354,5.0,2,efeccba2-eba5-344d-f4c8-7261076bf809,,TWC,22.0,25,,-99.194,2019-12-12 20:20:23.354,UTC+0100,,,,2019-12-12 19:59:31.400,com.sec.android.app.shealth,Parcialmente nublado,,
0,fbefbdac-80b4-4d04-9415-f741ead14348,19.34466,1,1,eL5K8TBQJK,2019-09-29 17:01:40.505,,3,ce3ed8bf-1484-4047-9800-ebf4345b4331,0,TWC,18.0,70,14.0,-99.20048,2019-09-29 17:01:40.505,UTC-0400,km/h,,E. 90,2019-09-29 17:01:40.501,com.sec.android.app.shealth,Nublado,0,
,5372c591-6304-f4c8-488c-793e16f3c907,19.34497,1,0,hytsFLPcD3,2019-12-14 21:14:23.373,4.0,1,5b239de4-e8ca-7c87-9240-93b0ee409a0a,,TWC,23.0,15,,-99.19345,2019-12-14 21:14:23.373,UTC+0100,,,,2019-12-14 20:50:48.360,com.sec.android.app.shealth,Soleado,,
0,2b097b22-9057-46db-ba7c-3daba31cc1e1,19.347118,1,1,eL5K8TBQJK,2019-06-03 21:55:05.806,,3,7d9468cf-4630-4e15-b7d9-87252b0d49d0,0,TWC,23.0,62,0.0,-99.19042,2019-06-03 21:55:05.806,UTC-0400,km/h,,N. 0,2019-06-03 21:55:05.801,com.sec.android.app.shealth,Nublado,0,
,a1877ff4-82c4-7b27-1bfe-504da4f41018,19.42059,1,0,hytsFLPcD3,2019-10-12 19:23:19.629,7.0,3,1356f26e-5113-1371-1b9b-d5ebb5ee01cc,,TWC,22.0,45,,-99.1773,2019-10-12 19:23:19.629,UTC+0100,,,,2019-10-12 18:43:27.020,com.sec.android.app.shealth,Mayormente nublado,,
,1ea16cd9-1cee-373c-eb7e-18dd5047b3e2,19.354874,1,0,hytsFLPcD3,2019-09-08 22:53:31.369,3.0,3,88995acb-2c2d-f4b8-969d-1e644b58e4d1,,TWC,24.0,35,,-99.169205,2019-09-08 22:53:31.369,UTC+0100,,,,2019-09-08 21:59:47.460,com.sec.android.app.shealth,Mayormente nublado,,
,d7764e41-cffd-0f7b-e943-9840b8389377,19.341946,1,0,hytsFLPcD3,2019-10-20 00:01:44.319,0.0,3,5a92c08b-51c5-6308-f5a1-d7791b4c6c56,,TWC,20.0,61,,-99.19559,2019-10-20 00:01:44.319,UTC+0100,,,,2019-10-19 23:44:20.020,com.sec.android.app.shealth,Mayormente nublado,,
,817506f2-ad12-6c15-525b-fda62cfeb31d,19.34424,1,0,hytsFLPcD3,2019-08-26 23:28:14.802,0.0,5,2b43eb24-aef2-a7f5-ed12-53c5917eb8aa,,TWC,21.0,56,,-99.19981,2019-08-26 23:28:14.802,UTC+0100,,,,2019-08-26 23:14:53.920,com.sec.android.app.shealth,Lluvia débil,,
,8c88ef86-fda0-bb25-4f52-5e7b8e6165e3,19.335196,1,0,hytsFLPcD3,2020-02-21 02:50:36.562,0.0,18,c789229a-87f4-33b7-d679-6720122b4892,,TWC,16.0,51,,-99.19874,2020-02-21 02:50:36.562,UTC-0500,,,,2020-02-21 02:21:38.340,com.sec.android.app.shealth,Despejado,,
,c8cabbfa-bb27-9464-ff5a-b8da5bbbcd2d,19.344658,1,0,hytsFLPcD3,2019-10-03 12:02:16.047,0.0,19,bf30af2a-c04f-c0e5-025f-51c6d53b9df4,,TWC,12.0,85,,-99.1992,2019-10-03 12:02:16.047,UTC+0100,,,,2019-10-03 11:49:46.530,com.sec.android.app.shealth,Parcialmente nublado,,
,fb757350-fe7d-36b9-7a9d-bfc345c04cfd,19.346172,1,0,hytsFLPcD3,2019-10-27 20:12:18.787,6.0,3,ececdbed-8084-3cc4-98a5-4fda261ee085,,TWC,21.0,51,,-99.19826,2019-10-27 20:12:18.787,UTC+0100,,,,2019-10-27 19:55:39.940,com.sec.android.app.shealth,Mayormente nublado,,
,9fbfe50e-9258-bd85-283f-f846ed6c0e4c,19.427275,1,0,hytsFLPcD3,2019-10-12 21:29:26.587,1.0,3,668eae9b-e4ef-f091-7e7f-fc1b4af8515c,,TWC,24.0,41,,-99.16695,2019-10-12 21:29:26.587,UTC+0100,,,,2019-10-12 20:45:36.900,com.sec.android.app.shealth,Nublado,,
,3fd48671-373a-4b85-563c-c06679b7b6c6,19.338541,1,0,hytsFLPcD3,2020-02-23 21:55:19.514,5.0,1,53a1c7cb-6e78-1c2a-0ab1-46a445471e8f,,TWC,27.0,35,,-99.197914,2020-02-23 21:55:19.514,UTC-0500,,,,2020-02-23 21:33:14.420,com.sec.android.app.shealth,Soleado,,
,67992815-b912-db7e-0beb-677d01334bdf,19.343908,1,0,hytsFLPcD3,2019-12-12 18:02:47.076,7.0,1,cc893461-366a-aa98-b7f4-8889ad6ccc8e,,TWC,18.0,40,,-99.196846,2019-12-12 18:02:47.076,UTC+0100,,,,2019-12-12 17:48:01.040,com.sec.android.app.shealth,Soleado,,
,17405562-5b65-ff1d-690c-6943e78d1862,19.344927,1,0,hytsFLPcD3,2019-10-24 21:59:17.354,1.0,3,1b1fd88e-faef-96d5-54a5-96a2d938f692,,TWC,18.0,67,,-99.17971,2019-10-24 21:59:17.354,UTC+0100,,,,2019-10-24 21:26:58.560,com.sec.android.app.shealth,Nublado,,
,8015cde2-2987-6a47-3204-e29011dc39eb,19.343971,1,0,hytsFLPcD3,2019-10-27 18:09:50.520,9.0,2,b04fccf6-fa56-0131-b246-ac63bb079a04,,TWC,21.0,57,,-99.19631,2019-10-27 18:09:50.520,UTC+0100,,,,2019-10-27 17:55:35.740,com.sec.android.app.shealth,Parcialmente nublado,,
,52225b48-2fa7-1164-1328-694b9afd6c48,19.344278,1,0,hytsFLPcD3,2020-02-27 00:11:38.210,0.0,1,c51f7455-ac21-b57d-6167-8cad310b60ed,,TWC,21.0,36,,-99.19641,2020-02-27 00:11:38.210,UTC-0500,,,,2020-02-26 23:58:11.760,com.sec.android.app.shealth,Soleado,,
,6c8c89c3-088f-12bb-9898-1611cde5bc54,19.34338,1,0,hytsFLPcD3,2019-09-01 18:19:37.317,11.0,1,5de6968f-b55f-6483-4ae0-74fca249ed34,,TWC,23.0,50,,-99.19805,2019-09-01 18:19:37.317,UTC+0100,,,,2019-09-01 17:57:46.660,com.sec.android.app.shealth,Soleado,,
,cebb99ca-c1a3-d733-44d9-2a3a638730ea,19.3419,1,0,hytsFLPcD3,2019-09-07 22:27:34.014,1.0,3,521db81d-c73a-c505-e341-9e0afb111ea3,,TWC,21.0,48,,-99.19515,2019-09-07 22:27:34.014,UTC+0100,,,,2019-09-07 22:11:36.780,com.sec.android.app.shealth,Nublado,,
,e64f99ac-8f9e-fa36-a8d0-a9f43daa2647,19.341896,1,0,hytsFLPcD3,2019-12-14 23:32:05.276,0.0,1,dce61931-de3a-a92c-f401-b1852d130253,,Accuweather,20.2,23,7.0,-99.1965,2019-12-14 23:32:05.276,UTC+0100,km/h,,ENE,2019-12-14 23:15:32.140,com.sec.android.app.shealth,Mayormente soleado,,
,36728703-9fcf-3049-53fe-ac1f80b60423,19.341614,1,0,hytsFLPcD3,2019-09-08 21:26:23.358,6.0,2,3719078d-12bf-087b-022b-8ad40ae790a2,,TWC,23.0,37,,-99.19568,2019-09-08 21:26:23.358,UTC+0100,,,,2019-09-08 21:10:33.080,com.sec.android.app.shealth,Parcialmente nublado,,
,d21888c7-ed57-dc9b-5383-4915dcb9fcb9,19.34466,1,0,hytsFLPcD3,2019-08-27 14:10:08.360,1.0,3,34b3e8a2-5e63-eac5-a684-eaf54c5c2f25,,TWC,16.0,78,,-99.19956,2019-08-27 14:10:08.360,UTC+0100,,,,2019-08-27 13:48:07.770,com.sec.android.app.shealth,Mayormente nublado,,
,d478188b-104e-8b00-8139-5db2972dd733,19.337093,1,0,hytsFLPcD3,2020-03-01 19:47:38.422,10.0,1,c0c5cc83-9087-f20b-fa78-1c0e38d428e0,,TWC,26.0,17,,-99.20095,2020-03-01 19:47:38.422,UTC-0500,,,,2020-03-01 19:28:02.560,com.sec.android.app.shealth,Soleado,,
,ca4bc524-3154-40bf-34d0-8a4b018c257c,19.34737,1,0,hytsFLPcD3,2019-10-27 21:50:45.576,2.0,3,c4b755fc-7502-0a1f-142c-3bd76abd83c4,,TWC,23.0,57,,-99.19778,2019-10-27 21:50:45.576,UTC+0100,,,,2019-10-27 21:25:15.630,com.sec.android.app.shealth,Mayormente nublado,,
,f5bb26dd-e9bf-42c3-d146-d1ea7f034f13,19.40486,1,0,hytsFLPcD3,2020-03-07 06:15:03.396,0.0,19,066ab9cd-8510-b5d9-470b-720fdb005cbf,,TWC,9.0,67,,-99.09097,2020-03-07 06:15:03.396,UTC-0500,,,,2020-03-07 05:47:37.810,com.sec.android.app.shealth,Parcialmente nublado,,
,4786e604-e352-3565-716f-29dbc366e911,19.339844,1,0,hytsFLPcD3,2019-08-13 15:50:34.586,5.0,1,50fad196-8865-265b-0621-3a0e00fc000d,,TWC,19.0,69,,-99.19964,2019-08-13 15:50:34.586,UTC+0100,,,,2019-08-13 15:13:21.360,com.sec.android.app.shealth,Soleado,,
0,224d3cdc-9eaf-4eed-85be-3e3989d04eb6,19.343403,1,1,eL5K8TBQJK,2019-10-13 17:17:23.932,,1,00054294-f65d-4873-9fec-464c8db28431,0,TWC,21.0,53,5.0,-99.19839,2019-10-13 17:17:23.932,UTC-0400,km/h,,NO. 310,2019-10-13 17:17:23.930,com.sec.android.app.shealth,Soleado,0,
,86a3e896-1bc9-12b6-4028-4d9e2d37b3a5,19.341536,1,0,hytsFLPcD3,2019-08-15 14:10:00.958,1.0,1,52a9569b-53eb-042d-9c3d-afff784e14f4,,TWC,16.0,74,,-99.20139,2019-08-15 14:10:00.958,UTC+0100,,,,2019-08-15 13:56:08.910,com.sec.android.app.shealth,Soleado,,
,b4a9d591-765f-1451-2745-f7a95fd0bfd4,19.342499,1,0,hytsFLPcD3,2020-03-10 19:14:25.496,7.0,3,e7adcddf-29e5-6357-fcfe-bcc468b99ceb,,TWC,23.0,31,,-99.199455,2020-03-10 19:14:25.496,UTC-0500,,,,2020-03-10 18:58:12.660,com.sec.android.app.shealth,Mayormente nublado,,
,89f8dc72-2ed7-8aaf-1a0e-a69dff8c97eb,19.344822,1,0,hytsFLPcD3,2019-09-09 14:00:45.940,1.0,3,3e5af164-8b71-84c6-1475-412e18777b75,,TWC,14.0,73,,-99.19994,2019-09-09 14:00:45.940,UTC+0100,,,,2019-09-09 13:48:06.690,com.sec.android.app.shealth,Mayormente nublado,,
,eb7df56e-c01b-1080-a3b8-9df71fc6edb5,19.342247,1,0,hytsFLPcD3,2019-11-08 01:22:46.319,0.0,18,cfc2df20-1705-d4c1-1048-2b9b2600427c,,Accuweather,19.5,51,7.0,-99.1995,2019-11-08 01:22:46.319,UTC+0100,km/h,,N,2019-11-08 01:07:54.120,com.sec.android.app.shealth,Mayormente despejado,,
,70c64605-2b18-8533-4456-e468d19d1216,19.362001,1,0,hytsFLPcD3,2020-03-15 19:00:26.060,11.0,1,8c5cbe14-bd9a-dc0c-f8fa-bde9c930e404,,TWC,24.0,28,,-99.27207,2020-03-15 19:00:26.060,UTC-0500,,,,2020-03-15 18:42:10.760,com.sec.android.app.shealth,Soleado,,
0,a575d66e-fbb9-478b-b42d-54d8a813bfba,19.590689,1,1,eL5K8TBQJK,2019-07-06 13:52:29.615,,3,f09c46e4-9a91-48c1-b77c-cd9282f2fdbf,0,TWC,27.0,83,5.0,-105.11329,2019-07-06 13:52:29.615,UTC-0400,km/h,,NNO. 330,2019-07-06 13:52:29.613,com.sec.android.app.shealth,Muy nublado,0,
,f6ae1997-671b-850d-63d7-90d76474c84e,19.33541,1,0,hytsFLPcD3,2020-02-21 03:15:05.881,0.0,18,b9c92188-2f42-aeac-e028-126da0a10b25,,TWC,16.0,51,,-99.19851,2020-02-21 03:15:05.881,UTC-0500,,,,2020-02-21 02:50:31.490,com.sec.android.app.shealth,Despejado,,
,8997efc2-f8b1-5876-b75a-986d694d8d69,19.34965,1,0,hytsFLPcD3,2019-10-01 16:22:54.526,1.0,3,cdd17c84-bf7c-f026-bbb6-ae3d0493ddb3,,TWC,18.0,73,,-99.17746,2019-10-01 16:22:54.526,UTC+0100,,,,2019-10-01 15:18:59.160,com.sec.android.app.shealth,Nublado,,
0,cc0b7dde-c462-4d2f-a48e-ffab185b092c,24.819466,1,1,eL5K8TBQJK,2019-05-11 21:55:07.036,,1,fcb65a25-bd1f-4d41-bdf6-8c90054ba587,0,TWC,34.0,22,0.0,-107.40133,2019-05-11 21:55:07.036,UTC-0500,km/h,,OSO. 250,2019-05-11 21:55:07.034,com.sec.android.app.shealth,Soleado,0,
,1efbe430-a0b6-2916-e270-bdbdfad53b11,19.340193,1,0,hytsFLPcD3,2020-02-23 22:59:19.588,2.0,1,2b98381c-4dd5-d4cb-24ee-93a583a2c404,,TWC,27.0,21,,-99.194214,2020-02-23 22:59:19.588,UTC-0500,,,,2020-02-23 22:32:58.300,com.sec.android.app.shealth,Soleado,,
,92c096c0-c975-326f-9eaf-cdbb563dbefe,19.336014,1,0,hytsFLPcD3,2020-02-21 03:58:18.940,0.0,18,d437dd4f-8204-2af4-c089-238be22e5ca5,,TWC,15.0,58,,-99.20109,2020-02-21 03:58:18.940,UTC-0500,,,,2020-02-21 03:35:32.090,com.sec.android.app.shealth,Despejado,,
,5bb6f472-680e-071a-dda2-d1b24c78f139,19.344187,1,0,hytsFLPcD3,2019-12-16 01:10:27.770,0.0,18,8c644cf9-c727-0e50-b6d1-e67c5fc6a0d4,,TWC,18.0,47,,-99.19657,2019-12-16 01:10:27.770,UTC+0100,,,,2019-12-16 00:51:42.950,com.sec.android.app.shealth,Soleado,,
,42b130c3-d964-79b3-37e7-3cadded91be3,19.343569,1,0,hytsFLPcD3,2020-02-27 00:38:43.855,0.0,1,45bd4006-6b98-881f-47aa-5ef512e86dd5,,TWC,21.0,40,,-99.19772,2020-02-27 00:38:43.855,UTC-0500,,,,2020-02-27 00:19:19.630,com.sec.android.app.shealth,Soleado,,
,79ab0b81-cbfb-2eb7-01ee-73947c117902,19.344896,1,0,hytsFLPcD3,2020-02-25 01:14:59.505,0.0,18,4a304356-0165-c5c2-7ec2-5def86e051d4,,TWC,22.0,43,,-99.1994,2020-02-25 01:14:59.505,UTC-0500,,,,2020-02-25 01:02:16.850,com.sec.android.app.shealth,Soleado,,
,a3a02d62-0e8d-ae04-31a7-3285e548d709,19.341122,1,0,hytsFLPcD3,2020-02-22 00:16:50.484,0.0,2,bb196fc4-388c-b5e7-6834-785c602a1efe,,TWC,23.0,44,,-99.19967,2020-02-22 00:16:50.484,UTC-0500,,,,2020-02-22 00:05:09.300,com.sec.android.app.shealth,Parcialmente nublado,,
,9c813c41-5f63-4fec-2396-cad855bdadbb,19.344809,1,0,hytsFLPcD3,2020-03-02 17:34:11.385,9.0,1,edf641a3-da3e-6bdf-47e1-fd604404a2f8,,TWC,23.0,34,,-99.199486,2020-03-02 17:34:11.385,UTC-0500,,,,2020-03-02 17:21:50.100,com.sec.android.app.shealth,Soleado,,
,e198264e-358d-e14a-b2f8-ca1d6fb715df,19.34137,1,0,hytsFLPcD3,2020-02-29 00:13:01.968,0.0,3,03e2e1cf-8c6c-1ce2-90fa-1387aea7751b,,TWC,22.0,30,,-99.19957,2020-02-29 00:13:01.968,UTC-0500,,,,2020-02-29 00:00:40.810,com.sec.android.app.shealth,Mayormente nublado,,
,23621da2-5028-71ea-620d-cc589bb07c92,19.344097,1,0,hytsFLPcD3,2020-02-25 21:11:39.287,4.0,3,eb5fd30a-ab85-c91f-1fb9-7ccacb8d3827,,TWC,25.0,19,,-99.1995,2020-02-25 21:11:39.287,UTC-0500,,,,2020-02-25 20:59:15.260,com.sec.android.app.shealth,Mayormente nublado,,
,51965653-e7d8-f2cc-8221-410ec63a924c,19.34323,1,0,hytsFLPcD3,2020-03-08 17:03:42.436,5.0,3,57425145-5a36-11e4-2d98-311176f36263,,TWC,18.0,40,,-99.19836,2020-03-08 17:03:42.436,UTC-0500,,,,2020-03-08 16:49:21.550,com.sec.android.app.shealth,Mayormente nublado,,
,d224a7f3-9d86-a54e-157f-0feaaea7fd83,19.344137,1,0,hytsFLPcD3,2020-03-04 12:56:49.515,0.0,18,0f3c42e6-5761-537e-68ee-cc78b342190d,,TWC,12.0,67,,-99.19966,2020-03-04 12:56:49.515,UTC-0500,,,,2020-03-04 12:44:14.900,com.sec.android.app.shealth,Despejado,,
,600c9008-27a1-9a45-3aa8-59781f4f3aab,19.336517,1,0,hytsFLPcD3,2020-02-29 03:14:30.909,0.0,3,8f736b17-c1c1-a6d6-3fee-0bf309f744c9,,TWC,16.0,44,,-99.20013,2020-02-29 03:14:30.909,UTC-0500,,,,2020-02-29 02:34:51.250,com.sec.android.app.shealth,Mayormente nublado,,
,46b086f1-2fc3-bc89-5e84-e2ae3b4a6b2d,19.34354,1,0,hytsFLPcD3,2020-03-11 12:51:51.766,0.0,19,37e3811d-8962-11cf-db02-b8e95cbbce79,,TWC,11.0,81,,-99.1993,2020-03-11 12:51:51.766,UTC-0500,,,,2020-03-11 12:39:05.220,com.sec.android.app.shealth,Parcialmente nublado,,
,739b3003-175d-255a-016b-373b28ddfb17,19.343655,1,0,hytsFLPcD3,2020-03-08 18:08:07.363,7.0,3,3c843479-6f08-8527-8aac-d8f542a87b9b,,TWC,21.0,33,,-99.19789,2020-03-08 18:08:07.363,UTC-0500,,,,2020-03-08 17:52:33.660,com.sec.android.app.shealth,Mayormente nublado,,
,577c63b0-1851-922d-40ce-9febf96cfd7e,19.341984,1,0,hytsFLPcD3,2020-03-06 22:17:24.523,3.0,4,1254bdcc-ac7c-d6e2-6d72-569e304a535f,,TWC,20.0,36,,-99.199425,2020-03-06 22:17:24.523,UTC-0500,,,,2020-03-06 21:58:57.790,com.sec.android.app.shealth,Bruma/Niebla,,
,b242684b-e8d0-e2b7-d764-1e46cbcee731,19.341646,1,0,hytsFLPcD3,2020-03-12 00:18:47.284,0.0,2,cdb5dae9-556e-34e9-aed7-ef76a241d43e,,TWC,24.0,20,,-99.19956,2020-03-12 00:18:47.284,UTC-0500,,,,2020-03-12 00:03:12.520,com.sec.android.app.shealth,Parcialmente nublado,,
,41441788-0e9d-c692-9d20-f8dc70ed182a,19.344078,1,0,hytsFLPcD3,2020-03-09 23:02:27.118,2.0,2,e312cce5-82c8-e5f3-ce2c-1fd2babcb1b7,,TWC,26.0,17,,-99.19948,2020-03-09 23:02:27.118,UTC-0500,,,,2020-03-09 22:49:28.730,com.sec.android.app.shealth,Parcialmente nublado,,
,6a390d1f-7b60-314a-8df4-8b1ec1713376,19.406256,1,0,hytsFLPcD3,2020-03-15 23:22:26.413,1.0,3,bdd0c851-5886-59b3-25d2-55ece932c9ef,,TWC,25.0,23,,-99.09341,2020-03-15 23:22:26.413,UTC-0500,,,,2020-03-15 23:05:56.760,com.sec.android.app.shealth,Mayormente nublado,,
,737e887b-7913-cdd8-18af-9b4719576d6e,19.340717,1,0,hytsFLPcD3,2020-03-13 21:57:30.290,5.0,2,dd0d5d1d-a85c-74b4-c806-e77297ce0b93,,TWC,28.0,29,,-99.199715,2020-03-13 21:57:30.290,UTC-0500,,,,2020-03-13 21:34:31.190,com.sec.android.app.shealth,Parcialmente nublado,,
,7dc9db35-b3b4-9947-6372-efe4008fd65a,19.36092,1,0,hytsFLPcD3,2020-03-15 19:42:18.594,11.0,1,551b582f-4441-70d5-cedb-3c332319e3f6,,TWC,23.0,22,,-99.27415,2020-03-15 19:42:18.594,UTC-0500,,,,2020-03-15 19:24:08.430,com.sec.android.app.shealth,Soleado,,
,f4ab28d5-e40e-ea3b-4e80-000e2657efcf,19.405134,1,0,hytsFLPcD3,2020-03-16 02:49:45.734,0.0,5,71297d82-dee2-f5d2-3b98-4fefe8af1d8e,,TWC,18.0,60,,-99.09718,2020-03-16 02:49:45.734,UTC-0500,,,,2020-03-16 02:20:04.070,com.sec.android.app.shealth,Lluvia débil con truenos,,
